cell_type,rank,gene_symbol,log2FC,p_val_adj
Bergmann Glia,1,SLC1A3,2.2690811157226562,0.0
Bergmann Glia,2,PCP4,2.3325979709625244,0.0
Bergmann Glia,3,APOE,1.8097134828567505,0.0
Bergmann Glia,4,MT3,1.3908199071884155,6.676713548921163e-280
Bergmann Glia,5,ALDOC,1.6865395307540894,4.537152118018761e-274
Bergmann Glia,6,CALB1,2.220569610595703,2.4354152552447393e-270
Bergmann Glia,7,TUBB2B,1.9990508556365967,7.90915093204662e-228
Bergmann Glia,8,C1orf61,1.5898470878601074,4.262536572321562e-223
Bergmann Glia,9,SNCG,1.8746258020401,5.611139449184936e-215
Bergmann Glia,10,PCP2,2.030305862426758,4.6655477458240096e-212
Bergmann Glia,11,SLC1A6,1.8561245203018188,7.886171641217156e-204
Bergmann Glia,12,CLU,0.9396771192550659,4.386230182578119e-200
Bergmann Glia,13,ITPR1,1.8340647220611572,5.532237966555424e-190
Bergmann Glia,14,FXYD1,1.8039648532867432,4.564117110624983e-189
Bergmann Glia,15,ALDH1A1,1.7905031442642212,1.9457309365609794e-188
Bergmann Glia,16,TTYH1,1.6847724914550781,4.030008469767266e-188
Bergmann Glia,17,CA8,1.9967156648635864,7.658916155784633e-188
Bergmann Glia,18,GLUL,1.4729399681091309,2.372069878597712e-173
Bergmann Glia,19,SCG3,1.6425772905349731,4.955459325674635e-173
Bergmann Glia,20,PPP1R1B,1.799329161643982,1.0495902104268272e-172
Bergmann Glia,21,PVALB,2.2329046726226807,1.4343921873505047e-172
Bergmann Glia,22,GPR37L1,1.8996076583862305,3.489887947683036e-167
Bergmann Glia,23,GRIA1,1.9213203191757202,3.038617249850151e-166
Bergmann Glia,24,PTGDS,1.2959256172180176,5.467079045710568e-166
Bergmann Glia,25,SCD5,1.542563557624817,4.574064473801431e-164
Bergmann Glia,26,PTN,1.6106775999069214,7.929217399855656e-164
Bergmann Glia,27,GNG13,1.8654727935791016,4.5110690306247875e-160
Bergmann Glia,28,GJA1,1.8669734001159668,2.6266775178941953e-152
Bergmann Glia,29,CPE,1.0998642444610596,9.853194116980514e-152
Bergmann Glia,30,GPM6B,1.4871267080307007,6.947439513096865e-150
Bergmann Glia,31,DBI,1.4541491270065308,9.718221423767517e-149
Bergmann Glia,32,GPRC5B,1.482783317565918,3.011208738375823e-147
Bergmann Glia,33,MLC1,1.7032549381256104,5.7629639472232195e-145
Bergmann Glia,34,RAMP1,1.6922187805175781,1.1701296347493616e-142
Bergmann Glia,35,LCAT,1.9263004064559937,5.8943417022876726e-142
Bergmann Glia,36,CDC42EP4,1.6492414474487305,3.230886057040949e-141
Bergmann Glia,37,CST3,1.1396512985229492,5.151870493490333e-140
Bergmann Glia,38,SLC1A2,1.6478902101516724,5.725058464286891e-138
Bergmann Glia,39,RGCC,1.6599929332733154,9.520433680568437e-138
Bergmann Glia,40,NDRG2,1.5258691310882568,4.518820395463722e-134
Bergmann Glia,41,TSC22D4,1.516395092010498,3.995778726736421e-133
Bergmann Glia,42,ATP2A3,1.6656147241592407,1.6215619324435065e-132
Bergmann Glia,43,ATP1A2,1.4147679805755615,4.3350781345177796e-131
Bergmann Glia,44,SELENOW,1.0878711938858032,5.011907001292665e-131
Bergmann Glia,45,BAALC,1.4986588954925537,5.257831153907426e-130
Bergmann Glia,46,YWHAH,1.2051650285720825,1.0275899442376275e-129
Bergmann Glia,47,NEFH,1.868066668510437,1.4112561523558566e-129
Bergmann Glia,48,NSG1,1.4067250490188599,3.323610997114111e-129
Bergmann Glia,49,SPARC,1.5485405921936035,5.820655248618616e-129
Bergmann Glia,50,THY1,1.384913444519043,1.7837627110715297e-125
Granule Neurons,1,PKD1,2.374835968017578,0.0
Granule Neurons,2,MEG3,1.8734221458435059,0.0
Granule Neurons,3,LINC00599,1.9135006666183472,0.0
Granule Neurons,4,ACAP3,2.022421360015869,0.0
Granule Neurons,5,SLC22A31,2.4491631984710693,1.3488656531564655e-307
Granule Neurons,6,CACNA1A,1.9063012599945068,1.0614730532295172e-294
Granule Neurons,7,CAMKK2,1.5723949670791626,2.8263508632373497e-287
Granule Neurons,8,GOLGA8A,2.0371835231781006,2.988785970821042e-279
Granule Neurons,9,PDIA2,2.4453036785125732,2.655771747962437e-263
Granule Neurons,10,LUC7L3,1.8713010549545288,2.7885068133394373e-263
Granule Neurons,11,PPFIA4,2.300274610519409,1.88211144268563e-262
Granule Neurons,12,SNRNP70,1.8743737936019897,2.3135103550860487e-262
Granule Neurons,13,KIFC2,2.0850672721862793,2.3504195041089326e-246
Granule Neurons,14,SNAP25,0.6810633540153503,1.2516933608901215e-236
Granule Neurons,15,PCBP4,2.1455113887786865,2.0856116233958763e-234
Granule Neurons,16,MCF2L,1.5112537145614624,7.644550466777707e-225
Granule Neurons,17,TNFRSF25,1.8545478582382202,8.354558324869407e-223
Granule Neurons,18,XIST,1.8313767910003662,4.3379957822011467e-221
Granule Neurons,19,GRIN2C,1.749423861503601,4.582328947902969e-216
Granule Neurons,20,RAB26,2.2387611865997314,6.083330019265493e-215
Granule Neurons,21,GRM4,1.9526774883270264,5.319584201723174e-212
Granule Neurons,22,CCNL2,1.8434009552001953,2.2454694097759457e-204
Granule Neurons,23,TLE2,1.8661590814590454,2.020065145318609e-202
Granule Neurons,24,NPDC1,1.1895391941070557,3.372825533241526e-198
Granule Neurons,25,GOLGA8B,1.7599235773086548,1.838658475998989e-197
Granule Neurons,26,NISCH,1.441823124885559,1.836743945273383e-187
Granule Neurons,27,SHANK3,1.4801498651504517,3.612451666593408e-187
Granule Neurons,28,CIRBP,0.8306094408035278,1.1036302471820665e-179
Granule Neurons,29,DDX17,1.1553254127502441,2.1300668696880116e-175
Granule Neurons,30,CHRD,1.9110641479492188,2.5150819115194585e-168
Granule Neurons,31,STXBP1,0.8594721555709839,3.875783701829186e-163
Granule Neurons,32,DDX5,0.9664235711097717,2.58082673356851e-157
Granule Neurons,33,DNM1,0.9664399027824402,1.340519518695801e-153
Granule Neurons,34,ENO2,0.6839306354522705,1.7331039489072148e-153
Granule Neurons,35,MTCL1,1.2961812019348145,7.3331044345230866e-152
Granule Neurons,36,SHISA8,1.5538825988769531,2.893226801167479e-147
Granule Neurons,37,YPEL3,0.865717887878418,8.191815659257497e-147
Granule Neurons,38,CPLX2,0.9852982759475708,7.591107427796278e-143
Granule Neurons,39,GABRD,1.0030646324157715,3.7196741210744345e-140
Granule Neurons,40,MICAL2,1.3716882467269897,5.215750629473191e-140
Granule Neurons,41,FUS,1.142107367515564,1.5174118742535253e-139
Granule Neurons,42,RGS11,1.7531242370605469,1.5174118742535253e-139
Granule Neurons,43,COL6A1,1.7564562559127808,5.289996216877307e-139
Granule Neurons,44,SRRM3,1.5484038591384888,4.9165902562034713e-138
Granule Neurons,45,HNRNPA2B1,0.8432291150093079,6.171259790659377e-132
Granule Neurons,46,COL27A1,2.4073760509490967,1.7845741258387335e-131
Granule Neurons,47,SRRM2,1.4115169048309326,7.740251504752836e-128
Granule Neurons,48,HID1,1.4226495027542114,4.906834217495657e-127
Granule Neurons,49,MAPK8IP3,1.1663962602615356,8.562542305651171e-125
Granule Neurons,50,CHGB,0.6832349896430969,6.648457645694776e-123
Oligodendrocytes,1,ITM2B,0.6940155029296875,1.3958679004160146e-52
Oligodendrocytes,2,RPL17,0.6059204936027527,2.39251830422191e-51
Oligodendrocytes,3,MOBP,2.7114901542663574,1.3872300391973345e-15
Oligodendrocytes,4,MBP,2.069304943084717,3.83991555059463e-14
Oligodendrocytes,5,PLP1,1.7888644933700562,4.283375787199625e-10
Oligodendrocytes,6,MALAT1,0.8537971377372742,1.6820024219176708e-09
Oligodendrocytes,7,SNAP25,-0.37065964937210083,4.072758728419356e-09
Oligodendrocytes,8,BCAS1,2.3532190322875977,3.465622516682924e-08
Oligodendrocytes,9,ERMN,2.802741289138794,6.797180570307612e-07
Oligodendrocytes,10,FTH1,-0.7753744721412659,6.2194636044366955e-06
Oligodendrocytes,11,S100A1,2.5593101978302,2.613297449088161e-05
Oligodendrocytes,12,RPL4,-0.33842918276786804,4.1642384075538936e-05
Oligodendrocytes,13,TF,1.7906242609024048,6.643383173527854e-05
Oligodendrocytes,14,MAG,2.159156084060669,9.678709902089551e-05
Oligodendrocytes,15,PKD1,0.15344394743442535,0.00013135290043951985
Oligodendrocytes,16,GFAP,0.15497997403144836,0.00021501879225563648
Oligodendrocytes,17,CARNS1,1.9965795278549194,0.00034577658954542567
Oligodendrocytes,18,SPP1,1.76497220993042,0.0023066324081206435
Oligodendrocytes,19,PPP1R14A,1.5544273853302002,0.002393537137183702
Oligodendrocytes,20,MEG3,-0.1758074164390564,0.002876893841078824
Oligodendrocytes,21,EFHD1,2.178023338317871,0.004051415550325795
Oligodendrocytes,22,CNDP1,2.1211390495300293,0.004696104943029476
Oligodendrocytes,23,HSPA2,1.9828709363937378,0.007817430348830782
Oligodendrocytes,24,NKX6-2,2.085150718688965,0.009715034462375658
Oligodendrocytes,25,APLNR,2.6548004150390625,0.01032002417413629
Oligodendrocytes,26,OPALIN,2.164991617202759,0.015163677049199782
Oligodendrocytes,27,MOG,2.3665127754211426,0.015405724059720533
Oligodendrocytes,28,KLK6,2.5219531059265137,0.017210248814658415
Oligodendrocytes,29,LPAR1,2.6171722412109375,0.023103238229766274
Oligodendrocytes,30,CERCAM,1.4163180589675903,0.03372917478653389
Oligodendrocytes,31,EVI2A,2.1894192695617676,0.0447324855642271
Oligodendrocytes,32,CDK18,1.226522445678711,0.04859690600515339
Oligodendrocytes,33,RNASE1,1.0778954029083252,0.05334419280666546
Oligodendrocytes,34,PADI2,1.2194325923919678,0.07220844593727231
Oligodendrocytes,35,ANLN,2.080078363418579,0.07673270144341977
Oligodendrocytes,36,CNP,0.8916014432907104,0.09381313325858237
Oligodendrocytes,37,NDRG1,1.1532078981399536,0.09794069126499805
Oligodendrocytes,38,CAPN3,1.3901171684265137,0.11561485895683209
Oligodendrocytes,39,PAQR6,0.8541823029518127,0.11778568119937162
Oligodendrocytes,40,MYRF,1.4248480796813965,0.12409540348711394
Oligodendrocytes,41,CLDN11,1.1177794933319092,0.14140140465276413
Oligodendrocytes,42,UGT8,1.7401756048202515,0.14397662695800817
Oligodendrocytes,43,TMEM144,1.3742860555648804,0.18095134863325066
Oligodendrocytes,44,AL359091.1,1.7068449258804321,0.19387532223862322
Oligodendrocytes,45,PLPP2,1.9797419309616089,0.20343230386084457
Oligodendrocytes,46,ENPP2,1.4909534454345703,0.20619367150046336
Oligodendrocytes,47,GJB1,2.2581844329833984,0.20800613736047943
Oligodendrocytes,48,SLC5A11,2.0515358448028564,0.26316496517867477
Oligodendrocytes,49,SEMA3B,1.2440721988677979,0.280116851697498
Oligodendrocytes,50,FOLH1,2.7395517826080322,0.3081828711861265
Vascular Endothelial,1,MTRNR2L12,3.213111400604248,0.0
Vascular Endothelial,2,FAM107A,2.7781424522399902,0.0
Vascular Endothelial,3,MTRNR2L1,2.7959396839141846,0.0
Vascular Endothelial,4,MTRNR2L8,2.5906524658203125,0.0
Vascular Endothelial,5,TMSB4X,1.7994322776794434,6.435350470483018e-298
Vascular Endothelial,6,SLC6A1,2.16970157623291,1.7814877972941622e-287
Vascular Endothelial,7,RPL37A,1.507738471031189,2.6779102393898847e-279
Vascular Endothelial,8,RPLP1,1.538558840751648,4.798163518481253e-274
Vascular Endothelial,9,KIT,2.361635446548462,1.9638075174324162e-264
Vascular Endothelial,10,RPL41,1.48716139793396,4.1749651865906735e-258
Vascular Endothelial,11,RPL37,1.5468709468841553,1.1597284845979852e-248
Vascular Endothelial,12,FTL,1.3783682584762573,2.5806459364246713e-228
Vascular Endothelial,13,BHLHE22,2.174020767211914,3.3845784532785976e-227
Vascular Endothelial,14,RPL36,1.3773375749588013,2.414846882482547e-217
Vascular Endothelial,15,CAMK2N1,1.8086755275726318,6.043588901909314e-216
Vascular Endothelial,16,RPL38,1.6180989742279053,3.9732868626518417e-212
Vascular Endothelial,17,HOMER3,1.8589788675308228,1.7955117817801598e-209
Vascular Endothelial,18,GAD1,1.9508432149887085,1.0992406817229141e-206
Vascular Endothelial,19,COX6A1,1.4254120588302612,7.26311827558635e-203
Vascular Endothelial,20,RPS21,1.2970471382141113,1.4315448328445213e-188
Vascular Endothelial,21,RPS29,1.4622904062271118,2.6788718262984295e-188
Vascular Endothelial,22,SCGN,2.2932701110839844,2.197791512037732e-187
Vascular Endothelial,23,NDUFA4,1.0964432954788208,2.395024295350075e-187
Vascular Endothelial,24,PVALB,2.046916961669922,5.112650461042917e-182
Vascular Endothelial,25,S100B,1.701959252357483,6.439337124581026e-182
Vascular Endothelial,26,ATP1B1,1.4147038459777832,2.6640768222981904e-180
Vascular Endothelial,27,GABRA1,1.5374668836593628,6.785346058760184e-179
Vascular Endothelial,28,SNHG6,1.5370688438415527,2.293774733684977e-177
Vascular Endothelial,29,CKB,0.7789384126663208,2.371777348785728e-177
Vascular Endothelial,30,RPS24,1.1860835552215576,2.6679042160153988e-174
Vascular Endothelial,31,UQCRB,1.3598287105560303,5.922269766584107e-174
Vascular Endothelial,32,RPS28,1.1421157121658325,1.254275267343171e-173
Vascular Endothelial,33,MIF,1.1713494062423706,1.508614183816425e-170
Vascular Endothelial,34,RPL39,1.4123563766479492,3.631541863541434e-169
Vascular Endothelial,35,GAD2,2.019304037094116,4.5192958373269735e-168
Vascular Endothelial,36,HBB,3.072657823562622,1.1201355258765134e-166
Vascular Endothelial,37,RPS27,1.3779374361038208,1.429083742885162e-165
Vascular Endothelial,38,NDRG2,1.4822962284088135,2.6490179099046672e-157
Vascular Endothelial,39,RPL28,1.095942735671997,1.4110048605640187e-152
Vascular Endothelial,40,ATP1A3,1.4136173725128174,5.440653869077502e-152
Vascular Endothelial,41,COX5B,1.1136537790298462,5.385023996395542e-150
Vascular Endothelial,42,RPS19,1.3296388387680054,5.385023996395542e-150
Vascular Endothelial,43,RPL21,1.1516435146331787,3.314998995238931e-148
Vascular Endothelial,44,RPS23,1.1944975852966309,4.3947808130354944e-148
Vascular Endothelial,45,RPL34,0.9608259201049805,1.753326714932222e-147
Vascular Endothelial,46,SPARC,1.5547016859054565,1.1663286992344222e-146
Vascular Endothelial,47,C1QTNF4,1.3877211809158325,4.006546603182922e-145
Vascular Endothelial,48,RPS14,1.1967806816101074,1.0381349322342719e-141
Vascular Endothelial,49,RPS18,1.2151174545288086,4.3253292140223966e-139
Vascular Endothelial,50,DNER,1.4754446744918823,5.956827255126499e-139
