Gene_set,Term,Overlap,P-value,Odds Ratio,Combined Score,Genes,Adjusted P-value
GO_Molecular_Function_2021,miRNA binding (GO:0035198),6/30,2.6497748740997155e-05,12.231249700468757,128.8984229672319,AGO1;AGO3;AGO4;PUM1;YBX1;ZC3H12A,0.010175135516542907
GO_Molecular_Function_2021,regulatory RNA binding (GO:0061980),6/40,0.00014432634983287433,8.62941155338236,76.3136272537759,AGO1;AGO3;AGO4;PUM1;YBX1;ZC3H12A,0.05542131833582374
GO_Molecular_Function_2021,tumor necrosis factor-activated receptor activity (GO:0005031),3/9,0.0006368386518677125,24.302728937897548,178.843641984617,TNFRSF14;TNFRSF1B;TNFRSF25,0.24454604231720162
GO_Molecular_Function_2021,death receptor activity (GO:0005035),3/12,0.0015939286270902375,16.19933790241511,104.34890136763146,TNFRSF14;TNFRSF1B;TNFRSF25,0.6120685928026512
GO_Molecular_Function_2021,RNA binding (GO:0003723),45/1406,0.0016463092858699899,1.6699570702695068,10.70312107304822,AGO1;AGO3;AGO4;CDK11B;EBNA1BP2;EIF3I;EIF4G3;ENO1;ERI3;EXOSC10;GNL2;HNRNPR;KDM1A;KHDRBS1;LRRC47;LSM10;MACF1;MRTO4;NOC2L;PABPC4;PEF1;PPIE;PPP1R8;PRDX1;PUM1;RCAN3;RCC2;SF3A3;SFPQ;SNIP1;SNRNP40;SPEN;SRRM1;SRSF10;SRSF4;SYF2;THRAP3;TOE1;TRNAU1AP;UTP11;YBX1;YRDC;YTHDF2;ZC3H12A;ZCCHC17,0.6321827657740762
GO_Molecular_Function_2021,ribonuclease activity (GO:0004540),6/66,0.0021951653022109227,4.883499880412503,29.89433439330594,AGO1;AGO3;EXOSC10;INTS11;PPP1R8;ZC3H12A,0.8429434760489943
GO_Molecular_Function_2021,kinesin binding (GO:0019894),4/29,0.002659025246748158,7.788656526650335,46.185141761940976,CLSTN1;CROCC;KIF1B;PLEKHM2,1.0
GO_Molecular_Function_2021,transmembrane-ephrin receptor activity (GO:0005005),3/17,0.0045693086794188036,10.41120144849908,56.099648746062805,EPHA10;EPHA2;EPHB2,1.0
GO_Molecular_Function_2021,ephrin receptor activity (GO:0005003),3/17,0.0045693086794188036,10.41120144849908,56.099648746062805,EPHA10;EPHA2;EPHB2,1.0
GO_Molecular_Function_2021,endoribonuclease activity (GO:0004521),4/34,0.004794800631673046,6.488888730790497,34.652113817226834,AGO1;AGO3;INTS11;ZC3H12A,1.0
GO_Molecular_Function_2021,palmitoyl-CoA hydrolase activity (GO:0016290),2/6,0.005841686128364726,24.24504891720176,124.68588111690661,ACOT7;PPT1,1.0
GO_Molecular_Function_2021,"oxidoreductase activity, acting on the CH-OH group of donors, NAD or NADP as acceptor (GO:0016616)",6/87,0.008564664199796231,3.6135184300324097,17.200746493418336,AKR1A1;DHRS3;H6PD;KCNAB2;PGD;PRXL2B,1.0
GO_Molecular_Function_2021,poly(A) binding (GO:0008143),3/22,0.00960128712356014,7.669452601907276,35.63118860146567,KHDRBS1;PABPC4;PPIE,1.0
GO_Molecular_Function_2021,DNA-binding transcription factor binding (GO:0140297),10/208,0.010276157264164485,2.4737271095043916,11.324546814988675,DMAP1;HDAC1;KDM1A;MAD2L2;NOC2L;RERE;SKI;SPEN;TP73;ZBTB17,1.0
GO_Molecular_Function_2021,single-stranded RNA binding (GO:0003727),4/45,0.012943728576489594,4.745297785124858,20.628492263087345,AGO1;AGO3;AGO4;EXOSC10,1.0
GO_Molecular_Function_2021,prenyltransferase activity (GO:0004659),2/9,0.01346580464541232,13.852192026289448,59.669727253906515,DHDDS;UBIAD1,1.0
GO_Molecular_Function_2021,ubiquitination-like modification-dependent protein binding (GO:0140035),2/10,0.016608230698580723,12.120049211137395,49.66622706136711,FAAP20;LAPTM5,1.0
GO_Molecular_Function_2021,poly-purine tract binding (GO:0070717),3/28,0.018678595532186443,5.826997376997584,23.19364654037334,KHDRBS1;PABPC4;PPIE,1.0
GO_Molecular_Function_2021,mRNA binding (GO:0003729),11/263,0.01904366968000131,2.137452227482624,8.466492161142408,EIF4G3;HNRNPR;KHDRBS1;PABPC4;PPIE;PPP1R8;PUM1;SNIP1;SRSF4;YTHDF2;ZC3H12A,1.0
GO_Molecular_Function_2021,endonuclease activity (GO:0004519),4/51,0.019755635646306512,4.138244844661,16.23978243869882,AGO1;AGO3;INTS11;ZC3H12A,1.0
GO_Molecular_Function_2021,ubiquitin protein ligase binding (GO:0031625),11/265,0.02001383239617057,2.120402618600392,8.293597819182455,ISG15;KDM4A;LAPTM5;MFN2;MUL1;PINK1;RPA2;SKI;TNFRSF14;TNFRSF1B;UBE2J2,1.0
GO_Molecular_Function_2021,ubiquitin-dependent protein binding (GO:0140036),2/11,0.020029249912485256,10.77282702157469,42.12780343926161,FAAP20;LAPTM5,1.0
GO_Molecular_Function_2021,alditol:NADP+ 1-oxidoreductase activity (GO:0004032),2/11,0.020029249912485256,10.77282702157469,42.12780343926161,AKR1A1;AKR7A2,1.0
GO_Molecular_Function_2021,galactosyltransferase activity (GO:0008378),2/11,0.020029249912485256,10.77282702157469,42.12780343926161,B3GALT6;B4GALT2,1.0
GO_Molecular_Function_2021,amyloid-beta binding (GO:0001540),5/80,0.02338420456249362,3.2450539523261694,12.187431291478331,C1QA;CLSTN1;EPHB2;HSPG2;LDLRAP1,1.0
GO_Molecular_Function_2021,histone demethylase activity (H3-K9 specific) (GO:0032454),2/13,0.02765726781869747,8.813231109483478,31.620698725293106,KDM1A;KDM4A,1.0
GO_Molecular_Function_2021,exoribonuclease activity (GO:0004532),2/13,0.02765726781869747,8.813231109483478,31.620698725293106,EXOSC10;ZC3H12A,1.0
GO_Molecular_Function_2021,"exoribonuclease activity, producing 5'-phosphomonoesters (GO:0016896)",3/33,0.028888860859607582,4.854590452739692,17.206121036358436,ERI3;EXOSC10;TOE1,1.0
GO_Molecular_Function_2021,nucleosomal DNA binding (GO:0031492),3/33,0.028888860859607582,4.854590452739692,17.206121036358436,HDAC1;RBBP4;RCC1,1.0
GO_Molecular_Function_2021,ubiquitin-like protein ligase binding (GO:0044389),11/282,0.02978766021264134,1.985641503376258,6.976871225665949,ISG15;KDM4A;LAPTM5;MFN2;MUL1;PINK1;RPA2;SKI;TNFRSF14;TNFRSF1B;UBE2J2,1.0
GO_Molecular_Function_2021,3'-5'-exoribonuclease activity (GO:0000175),3/34,0.03122054410747224,4.697750626246483,16.285593142009475,ERI3;EXOSC10;TOE1,1.0
GO_Molecular_Function_2021,"4 iron, 4 sulfur cluster binding (GO:0051539)",2/14,0.0318403369763278,8.078382642449276,27.846357317864058,EXO5;SDHB,1.0
GO_Molecular_Function_2021,transmembrane receptor protein kinase activity (GO:0019199),4/60,0.03349197524108615,3.4715706332587266,11.791014042605129,EPHA10;EPHA2;EPHB2;TIE1,1.0
GO_Molecular_Function_2021,transmembrane receptor protein tyrosine kinase activity (GO:0004714),4/60,0.03349197524108615,3.4715706332587266,11.791014042605129,EPHA10;EPHA2;EPHB2;TIE1,1.0
GO_Molecular_Function_2021,hexose transmembrane transporter activity (GO:0015149),2/15,0.03625411909852887,7.456587785728026,24.735009957849513,SLC2A1;SLC2A5,1.0
GO_Molecular_Function_2021,"oxidoreductase activity, acting on the CH-NH group of donors, NAD or NADP as acceptor (GO:0016646)",2/15,0.03625411909852887,7.456587785728026,24.735009957849513,ALDH4A1;MTHFR,1.0
GO_Molecular_Function_2021,SH3 domain binding (GO:0017124),4/62,0.03714044790100592,3.35151818905985,11.036712492607561,CASP9;ESPN;KHDRBS1;WASF2,1.0
GO_Molecular_Function_2021,core promoter sequence-specific DNA binding (GO:0001046),3/37,0.03878753506616667,4.282586379646814,13.916934002270452,AGO1;HDAC1;ZBTB17,1.0
GO_Molecular_Function_2021,transmembrane receptor protein tyrosine phosphatase activity (GO:0005001),2/16,0.040887572817469076,6.92362076568124,22.13432473915053,PTPRF;PTPRU,1.0
GO_Molecular_Function_2021,transmembrane receptor protein phosphatase activity (GO:0019198),2/16,0.040887572817469076,6.92362076568124,22.13432473915053,PTPRF;PTPRU,1.0
GO_Molecular_Function_2021,alcohol dehydrogenase (NADP+) activity (GO:0008106),2/17,0.04573000803587579,6.4617160149740265,19.934397560862546,AKR1A1;AKR7A2,1.0
GO_Molecular_Function_2021,translation initiation factor activity (GO:0003743),3/41,0.05018352561275882,3.8310042166787515,11.462626968031598,EIF2B3;EIF3I;EIF4G3,1.0
GO_Molecular_Function_2021,acyl-CoA hydrolase activity (GO:0047617),2/18,0.050771076273252995,6.057549358105214,18.054092451730128,ACOT7;PPT1,1.0
GO_Molecular_Function_2021,GTPase binding (GO:0051020),8/201,0.053254582137179075,2.0205691173523266,5.925665319910359,ARHGEF16;ENO1;GNB1;RAP1GAP;RCC1;RCC2;RRAGC;YBX1,1.0
GO_Molecular_Function_2021,NAD-retinol dehydrogenase activity (GO:0004745),2/19,0.056000761257752815,5.700931719691556,16.432308547886834,AKR1A1;DHRS3,1.0
GO_Molecular_Function_2021,"phosphotransferase activity, alcohol group as acceptor (GO:0016773)",4/75,0.06619034782195077,2.7360380526036363,7.428946964793973,NADK;NOL9;PANK4;PIK3CD,1.0
GO_Molecular_Function_2021,glucose transmembrane transporter activity (GO:0005355),2/21,0.06698752264725417,5.100312539205396,13.787414292270117,SLC2A1;SLC2A5,1.0
GO_Molecular_Function_2021,protein tyrosine kinase activity (GO:0004713),5/108,0.069155419302931,2.3595137791371283,6.303202404852844,EPHA10;EPHA2;EPHB2;FGR;TIE1,1.0
GO_Molecular_Function_2021,poly(U) RNA binding (GO:0008266),2/22,0.07272614619962355,4.8450493874987774,12.699137598587185,KHDRBS1;PABPC4,1.0
GO_Molecular_Function_2021,3'-5' exonuclease activity (GO:0008408),3/48,0.07353089854517753,3.2339122456432037,8.44067127499384,ERI3;EXOSC10;TOE1,1.0
GO_Molecular_Function_2021,kinase activity (GO:0016301),5/112,0.07810315788777113,2.270841532155582,5.7900209465449874,MTOR;NADK;PANK4;PIK3CD;PINK1,1.0
GO_Molecular_Function_2021,cyclin-dependent protein kinase activity (GO:0097472),2/23,0.07861646360379133,4.614097012145171,11.734452204765779,CDK11A;CDK11B,1.0
GO_Molecular_Function_2021,cyclin-dependent protein serine/threonine kinase activity (GO:0004693),2/23,0.07861646360379133,4.614097012145171,11.734452204765779,CDK11A;CDK11B,1.0
GO_Molecular_Function_2021,carboxy-lyase activity (GO:0016831),2/23,0.07861646360379133,4.614097012145171,11.734452204765779,AZIN2;UROD,1.0
GO_Molecular_Function_2021,low-density lipoprotein particle receptor binding (GO:0050750),2/23,0.07861646360379133,4.614097012145171,11.734452204765779,HSPG2;LDLRAP1,1.0
GO_Molecular_Function_2021,zinc ion binding (GO:0008270),11/336,0.08239715412289865,1.6510924614913303,4.121464234170521,ATAD3A;ATAD3B;ATAD3C;ATP13A2;ECE1;KDM4A;MMP23B;PRDM2;SKI;SMPDL3B;ZNF593,1.0
GO_Molecular_Function_2021,gap junction channel activity (GO:0005243),2/24,0.08464998669782865,4.404140307278255,10.874836813500051,GJA4;GJB3,1.0
GO_Molecular_Function_2021,ubiquitin protein ligase activity (GO:0061630),9/263,0.08894355488164761,1.7261349462069582,4.176820775935614,FBXO2;FBXO44;FBXO6;MUL1;RNF19B;RNF220;TRIM62;UBE4B;UBR4,1.0
GO_Molecular_Function_2021,wide pore channel activity (GO:0022829),2/25,0.09081850791441015,4.212440707182376,10.1051910816592,GJA4;GJB3,1.0
GO_Molecular_Function_2021,poly-pyrimidine tract binding (GO:0008187),2/25,0.09081850791441015,4.212440707182376,10.1051910816592,KHDRBS1;PABPC4,1.0
GO_Molecular_Function_2021,FAD binding (GO:0071949),2/25,0.09081850791441015,4.212440707182376,10.1051910816592,MMACHC;MTHFR,1.0
GO_Molecular_Function_2021,RNA polymerase II-specific DNA-binding transcription factor binding (GO:0061629),7/190,0.09319342572661034,1.8608953622384035,4.4160500290171365,ARID1A;DMAP1;HDAC1;KDM1A;MAD2L2;RERE;SPEN,1.0
GO_Molecular_Function_2021,transcription cis-regulatory region binding (GO:0000976),16/549,0.09530064889619667,1.467147699716663,3.4488514737624203,AGO1;ENO1;HDAC1;MTF1;NFYC;PER3;PRDM2;SFPQ;TFAP2E;TP73;ZBTB17;ZBTB48;ZBTB8A;ZFP69;ZNF436;ZNF684,1.0
GO_Molecular_Function_2021,ATPase inhibitor activity (GO:0042030),1/5,0.09747126057374132,12.092592300182906,28.1539456743534,ATP5IF1,1.0
GO_Molecular_Function_2021,troponin I binding (GO:0031013),1/5,0.09747126057374132,12.092592300182906,28.1539456743534,RCAN3,1.0
GO_Molecular_Function_2021,solute:proton antiporter activity (GO:0015299),1/5,0.09747126057374132,12.092592300182906,28.1539456743534,SLC9A1,1.0
GO_Molecular_Function_2021,folic acid transmembrane transporter activity (GO:0008517),1/5,0.09747126057374132,12.092592300182906,28.1539456743534,PDPN,1.0
GO_Molecular_Function_2021,histone acetyltransferase activity (H3-K23 specific) (GO:0043994),1/5,0.09747126057374132,12.092592300182906,28.1539456743534,MEAF6,1.0
GO_Molecular_Function_2021,L-lysine transmembrane transporter activity (GO:0015189),1/5,0.09747126057374132,12.092592300182906,28.1539456743534,SLC66A1,1.0
GO_Molecular_Function_2021,fructose transmembrane transporter activity (GO:0005353),1/5,0.09747126057374132,12.092592300182906,28.1539456743534,SLC2A5,1.0
GO_Molecular_Function_2021,"oxidoreductase activity, acting on metal ions, NAD or NADP as acceptor (GO:0016723)",1/5,0.09747126057374132,12.092592300182906,28.1539456743534,MMACHC,1.0
GO_Molecular_Function_2021,oxo-acid-lyase activity (GO:0016833),1/5,0.09747126057374132,12.092592300182906,28.1539456743534,HMGCL,1.0
GO_Molecular_Function_2021,thiolester hydrolase activity (GO:0016790),1/5,0.09747126057374132,12.092592300182906,28.1539456743534,PPT1,1.0
GO_Molecular_Function_2021,single-stranded DNA 3'-5' exodeoxyribonuclease activity (GO:0008310),1/5,0.09747126057374132,12.092592300182906,28.1539456743534,EXO5,1.0
GO_Molecular_Function_2021,tumor necrosis factor binding (GO:0043120),1/5,0.09747126057374132,12.092592300182906,28.1539456743534,TNFRSF1B,1.0
GO_Molecular_Function_2021,protein-arginine deiminase activity (GO:0004668),1/5,0.09747126057374132,12.092592300182906,28.1539456743534,PADI2,1.0
GO_Molecular_Function_2021,flavin adenine dinucleotide binding (GO:0050660),3/55,0.10080888929195979,2.797575805271072,6.419118086999705,KDM1A;MMACHC;MTHFR,1.0
GO_Molecular_Function_2021,ubiquitin-protein transferase activity (GO:0004842),12/392,0.10452523240661711,1.539994618407831,3.4778110851684767,FBXO2;FBXO44;FBXO6;HECTD3;KLHL21;MIB2;MUL1;RNF19B;RNF220;TRIM62;UBE2J2;UBR4,1.0
GO_Molecular_Function_2021,histone demethylase activity (GO:0032452),2/28,0.11005603014969592,3.725818645400529,8.222008708655835,KDM1A;KDM4A,1.0
GO_Molecular_Function_2021,lipoprotein particle receptor binding (GO:0070325),2/28,0.11005603014969592,3.725818645400529,8.222008708655835,HSPG2;LDLRAP1,1.0
GO_Molecular_Function_2021,protein phosphatase 2B binding (GO:0030346),1/6,0.11579717546281665,9.673580012998025,20.855417275770424,SLC9A1,1.0
GO_Molecular_Function_2021,mismatched DNA binding (GO:0030983),1/6,0.11579717546281665,9.673580012998025,20.855417275770424,MUTYH,1.0
GO_Molecular_Function_2021,protein carboxyl O-methyltransferase activity (GO:0051998),1/6,0.11579717546281665,9.673580012998025,20.855417275770424,ICMT,1.0
GO_Molecular_Function_2021,C3HC4-type RING finger domain binding (GO:0055131),1/6,0.11579717546281665,9.673580012998025,20.855417275770424,PINK1,1.0
GO_Molecular_Function_2021,immunoglobulin receptor binding (GO:0034987),1/6,0.11579717546281665,9.673580012998025,20.855417275770424,FGR,1.0
GO_Molecular_Function_2021,RNA polymerase III type 3 promoter sequence-specific DNA binding (GO:0001006),1/6,0.11579717546281665,9.673580012998025,20.855417275770424,MTOR,1.0
GO_Molecular_Function_2021,RNA polymerase III cis-regulatory region sequence-specific DNA binding (GO:0000992),1/6,0.11579717546281665,9.673580012998025,20.855417275770424,MTOR,1.0
GO_Molecular_Function_2021,alkaline phosphatase activity (GO:0004035),1/6,0.11579717546281665,9.673580012998025,20.855417275770424,ALPL,1.0
GO_Molecular_Function_2021,sulfatide binding (GO:0120146),1/6,0.11579717546281665,9.673580012998025,20.855417275770424,PPT1,1.0
GO_Molecular_Function_2021,long-chain fatty acyl-CoA binding (GO:0036042),1/6,0.11579717546281665,9.673580012998025,20.855417275770424,ACOT7,1.0
GO_Molecular_Function_2021,fructose binding (GO:0070061),1/6,0.11579717546281665,9.673580012998025,20.855417275770424,SLC2A5,1.0
GO_Molecular_Function_2021,Hsp70 protein binding (GO:0030544),2/31,0.13023839108270976,3.3398770101942357,6.8079676581166435,DNAJC8;RNF207,1.0
GO_Molecular_Function_2021,ceramide 1-phosphate transfer activity (GO:1902388),1/7,0.13375187921204623,8.06090515487477,16.21667783793208,CPTP,1.0
GO_Molecular_Function_2021,ceramide 1-phosphate binding (GO:1902387),1/7,0.13375187921204623,8.06090515487477,16.21667783793208,CPTP,1.0
GO_Molecular_Function_2021,1-phosphatidylinositol-4-phosphate 3-kinase activity (GO:0035005),1/7,0.13375187921204623,8.06090515487477,16.21667783793208,PIK3CD,1.0
GO_Molecular_Function_2021,1-alkyl-2-acetylglycerophosphocholine esterase activity (GO:0003847),1/7,0.13375187921204623,8.06090515487477,16.21667783793208,PAFAH2,1.0
GO_Molecular_Function_2021,"hydrolase activity, acting on acid anhydrides, in phosphorus-containing anhydrides (GO:0016818)",1/7,0.13375187921204623,8.06090515487477,16.21667783793208,ALPL,1.0
GO_Molecular_Function_2021,alpha-mannosidase activity (GO:0004559),1/7,0.13375187921204623,8.06090515487477,16.21667783793208,MANEAL,1.0
GO_Molecular_Function_2021,leucine binding (GO:0070728),1/7,0.13375187921204623,8.06090515487477,16.21667783793208,SESN2,1.0
GO_Molecular_Function_2021,mannosyl-oligosaccharide mannosidase activity (GO:0015924),1/7,0.13375187921204623,8.06090515487477,16.21667783793208,MAN1C1,1.0
GO_Molecular_Function_2021,long-chain fatty acid binding (GO:0036041),1/7,0.13375187921204623,8.06090515487477,16.21667783793208,FABP3,1.0
GO_Molecular_Function_2021,MutLalpha complex binding (GO:0032405),1/7,0.13375187921204623,8.06090515487477,16.21667783793208,MUTYH,1.0
GO_Molecular_Function_2021,RNA polymerase II CTD heptapeptide repeat phosphatase activity (GO:0008420),1/7,0.13375187921204623,8.06090515487477,16.21667783793208,SSU72,1.0
GO_Molecular_Function_2021,JUN kinase binding (GO:0008432),1/7,0.13375187921204623,8.06090515487477,16.21667783793208,MAD2L2,1.0
GO_Molecular_Function_2021,"mannosyl-oligosaccharide 1,2-alpha-mannosidase activity (GO:0004571)",1/7,0.13375187921204623,8.06090515487477,16.21667783793208,MAN1C1,1.0
GO_Molecular_Function_2021,carbohydrate:proton symporter activity (GO:0005351),1/7,0.13375187921204623,8.06090515487477,16.21667783793208,SLC45A1,1.0
GO_Molecular_Function_2021,"phosphatidylinositol-4,5-bisphosphate 5-phosphatase activity (GO:0004439)",1/7,0.13375187921204623,8.06090515487477,16.21667783793208,INPP5B,1.0
GO_Molecular_Function_2021,phospholipid scramblase activity (GO:0017128),1/7,0.13375187921204623,8.06090515487477,16.21667783793208,XKR8,1.0
GO_Molecular_Function_2021,fatty acid elongase activity (GO:0009922),1/7,0.13375187921204623,8.06090515487477,16.21667783793208,ELOVL1,1.0
GO_Molecular_Function_2021,N6-methyladenosine-containing RNA binding (GO:1990247),1/7,0.13375187921204623,8.06090515487477,16.21667783793208,YTHDF2,1.0
GO_Molecular_Function_2021,MutSalpha complex binding (GO:0032407),1/7,0.13375187921204623,8.06090515487477,16.21667783793208,MUTYH,1.0
GO_Molecular_Function_2021,morphogen activity (GO:0016015),1/7,0.13375187921204623,8.06090515487477,16.21667783793208,NBL1,1.0
GO_Molecular_Function_2021,acid-amino acid ligase activity (GO:0016881),1/7,0.13375187921204623,8.06090515487477,16.21667783793208,PPCS,1.0
GO_Molecular_Function_2021,chloride channel activity (GO:0005254),3/64,0.14076320605698414,2.383720399297505,4.673703830582795,CLCN6;CLIC4;GABRD,1.0
GO_Molecular_Function_2021,telomeric DNA binding (GO:0042162),2/33,0.14412826534008571,3.1240816872831902,6.0515075694158575,KDM1A;ZBTB48,1.0
GO_Molecular_Function_2021,"DNA-binding transcription repressor activity, RNA polymerase II-specific (GO:0001227)",8/256,0.15130522282960984,1.5680012582201013,2.961101602186942,ENO1;HEYL;PRDM2;SKI;ZBTB17;ZFP69;ZNF436;ZNF684,1.0
GO_Molecular_Function_2021,phosphatidylinositol phosphate 5-phosphatase activity (GO:0034595),1/8,0.15134287291183668,6.908994541929588,13.045614169703612,INPP5B,1.0
GO_Molecular_Function_2021,procollagen-proline dioxygenase activity (GO:0019798),1/8,0.15134287291183668,6.908994541929588,13.045614169703612,P3H1,1.0
GO_Molecular_Function_2021,oxidized DNA binding (GO:0032356),1/8,0.15134287291183668,6.908994541929588,13.045614169703612,MUTYH,1.0
GO_Molecular_Function_2021,5'-3' exodeoxyribonuclease activity (GO:0035312),1/8,0.15134287291183668,6.908994541929588,13.045614169703612,EXO5,1.0
GO_Molecular_Function_2021,arginine transmembrane transporter activity (GO:0015181),1/8,0.15134287291183668,6.908994541929588,13.045614169703612,SLC66A1,1.0
GO_Molecular_Function_2021,glycine transmembrane transporter activity (GO:0015187),1/8,0.15134287291183668,6.908994541929588,13.045614169703612,SLC6A9,1.0
GO_Molecular_Function_2021,solute:cation antiporter activity (GO:0015298),1/8,0.15134287291183668,6.908994541929588,13.045614169703612,SLC9A1,1.0
GO_Molecular_Function_2021,"intramolecular oxidoreductase activity, interconverting aldoses and ketoses (GO:0016861)",1/8,0.15134287291183668,6.908994541929588,13.045614169703612,HYI,1.0
GO_Molecular_Function_2021,protein kinase B binding (GO:0043422),1/8,0.15134287291183668,6.908994541929588,13.045614169703612,PINK1,1.0
GO_Molecular_Function_2021,ceramide transfer activity (GO:0120017),1/8,0.15134287291183668,6.908994541929588,13.045614169703612,CPTP,1.0
GO_Molecular_Function_2021,calcium-independent phospholipase A2 activity (GO:0047499),1/8,0.15134287291183668,6.908994541929588,13.045614169703612,PLA2G5,1.0
GO_Molecular_Function_2021,calcium-dependent protein kinase activity (GO:0010857),1/8,0.15134287291183668,6.908994541929588,13.045614169703612,PINK1,1.0
GO_Molecular_Function_2021,"phosphatidylinositol-4,5-bisphosphate phosphatase activity (GO:0106019)",1/9,0.16857750644513964,6.0450615822207014,10.762383759291327,INPP5B,1.0
GO_Molecular_Function_2021,double-stranded telomeric DNA binding (GO:0003691),1/9,0.16857750644513964,6.0450615822207014,10.762383759291327,ZBTB48,1.0
GO_Molecular_Function_2021,armadillo repeat domain binding (GO:0070016),1/9,0.16857750644513964,6.0450615822207014,10.762383759291327,CTNNBIP1,1.0
GO_Molecular_Function_2021,histone demethylase activity (H3-K4 specific) (GO:0032453),1/9,0.16857750644513964,6.0450615822207014,10.762383759291327,KDM1A,1.0
GO_Molecular_Function_2021,single-stranded DNA exodeoxyribonuclease activity (GO:0008297),1/9,0.16857750644513964,6.0450615822207014,10.762383759291327,EXO5,1.0
GO_Molecular_Function_2021,mannosidase activity (GO:0015923),1/9,0.16857750644513964,6.0450615822207014,10.762383759291327,MANEAL,1.0
GO_Molecular_Function_2021,H3 histone acetyltransferase activity (GO:0010484),1/9,0.16857750644513964,6.0450615822207014,10.762383759291327,MEAF6,1.0
GO_Molecular_Function_2021,phosphotyrosine residue binding (GO:0001784),2/37,0.17273335484087063,2.7664780093163155,4.857952467386849,FGR;LDLRAP1,1.0
GO_Molecular_Function_2021,ubiquitin-like protein ligase activity (GO:0061659),8/270,0.1849566445165884,1.4831408588186252,2.5029986959077126,FBXO2;FBXO44;FBXO6;MUL1;RNF19B;RNF220;TRIM62;UBR4,1.0
GO_Molecular_Function_2021,double-stranded RNA binding (GO:0003725),3/73,0.18503266277025845,2.0762849548599975,3.5031555517771564,AGO1;AGO3;AGO4,1.0
GO_Molecular_Function_2021,voltage-gated chloride channel activity (GO:0005247),1/10,0.18546298152809074,5.373113724669346,9.053159192967247,CLCN6,1.0
GO_Molecular_Function_2021,aldo-keto reductase (NADP) activity (GO:0004033),1/10,0.18546298152809074,5.373113724669346,9.053159192967247,KCNAB2,1.0
GO_Molecular_Function_2021,histone demethylase activity (H3-K36 specific) (GO:0051864),1/10,0.18546298152809074,5.373113724669346,9.053159192967247,KDM4A,1.0
GO_Molecular_Function_2021,ligand-gated sodium channel activity (GO:0015280),1/10,0.18546298152809074,5.373113724669346,9.053159192967247,SCNN1D,1.0
GO_Molecular_Function_2021,G-rich strand telomeric DNA binding (GO:0098505),1/10,0.18546298152809074,5.373113724669346,9.053159192967247,RPA2,1.0
GO_Molecular_Function_2021,fatty acid synthase activity (GO:0004312),1/10,0.18546298152809074,5.373113724669346,9.053159192967247,ELOVL1,1.0
GO_Molecular_Function_2021,symporter activity (GO:0015293),1/10,0.18546298152809074,5.373113724669346,9.053159192967247,MFSD2A,1.0
GO_Molecular_Function_2021,cysteine-type endopeptidase activity involved in apoptotic signaling pathway (GO:0097199),1/10,0.18546298152809074,5.373113724669346,9.053159192967247,CASP9,1.0
GO_Molecular_Function_2021,1-phosphatidylinositol-3-kinase activity (GO:0016303),1/10,0.18546298152809074,5.373113724669346,9.053159192967247,PIK3CD,1.0
GO_Molecular_Function_2021,nucleotide transmembrane transporter activity (GO:0015215),1/10,0.18546298152809074,5.373113724669346,9.053159192967247,SLC25A33,1.0
GO_Molecular_Function_2021,oxidized purine DNA binding (GO:0032357),1/10,0.18546298152809074,5.373113724669346,9.053159192967247,MUTYH,1.0
GO_Molecular_Function_2021,adenylate cyclase binding (GO:0008179),1/10,0.18546298152809074,5.373113724669346,9.053159192967247,CAP1,1.0
GO_Molecular_Function_2021,ubiquitin binding (GO:0043130),3/74,0.19016229869467033,2.046936657347184,3.3976638308298988,DDI2;RNF19B;UBXN11,1.0
GO_Molecular_Function_2021,protein tyrosine phosphatase activity (GO:0004725),3/74,0.19016229869467033,2.046936657347184,3.3976638308298988,EYA3;PTPRF;PTPRU,1.0
GO_Molecular_Function_2021,transition metal ion binding (GO:0046914),12/445,0.19606730653207546,1.3477684569006378,2.1959154782378847,ATAD3A;ATAD3B;ATAD3C;ATP13A2;ECE1;HMGCL;KDM4A;MMP23B;PRDM2;SKI;SMPDL3B;ZNF593,1.0
GO_Molecular_Function_2021,"racemase and epimerase activity, acting on carbohydrates and derivatives (GO:0016857)",1/11,0.20200635468965122,4.83555543862826,7.734258755464824,GALE,1.0
GO_Molecular_Function_2021,potassium:proton antiporter activity (GO:0015386),1/11,0.20200635468965122,4.83555543862826,7.734258755464824,SLC9A1,1.0
GO_Molecular_Function_2021,MAP kinase kinase kinase activity (GO:0004709),1/11,0.20200635468965122,4.83555543862826,7.734258755464824,MAP3K6,1.0
GO_Molecular_Function_2021,protein serine/threonine phosphatase inhibitor activity (GO:0004865),1/11,0.20200635468965122,4.83555543862826,7.734258755464824,PPP1R8,1.0
GO_Molecular_Function_2021,sodium:phosphate symporter activity (GO:0005436),1/11,0.20200635468965122,4.83555543862826,7.734258755464824,MFSD2A,1.0
GO_Molecular_Function_2021,filamin binding (GO:0031005),1/11,0.20200635468965122,4.83555543862826,7.734258755464824,FBLIM1,1.0
GO_Molecular_Function_2021,"hydrolase activity, acting on carbon-nitrogen (but not peptide) bonds, in linear amidines (GO:0016813)",1/11,0.20200635468965122,4.83555543862826,7.734258755464824,PADI2,1.0
GO_Molecular_Function_2021,ubiquitin-ubiquitin ligase activity (GO:0034450),1/11,0.20200635468965122,4.83555543862826,7.734258755464824,UBE4B,1.0
GO_Molecular_Function_2021,3'-5'-exodeoxyribonuclease activity (GO:0008296),1/11,0.20200635468965122,4.83555543862826,7.734258755464824,EXO5,1.0
GO_Molecular_Function_2021,UDP-galactosyltransferase activity (GO:0035250),1/11,0.20200635468965122,4.83555543862826,7.734258755464824,B3GALT6,1.0
GO_Molecular_Function_2021,cadherin binding (GO:0045296),9/322,0.20952742442162006,1.3964880028246396,2.1825719989901393,ARHGEF16;CAPZB;EFHD2;ENO1;EPHA2;MACF1;NUDC;PRDX1;WASF2,1.0
GO_Molecular_Function_2021,protein phosphorylated amino acid binding (GO:0045309),2/42,0.2095951327041718,2.420049446285905,3.781514931355623,FGR;LDLRAP1,1.0
GO_Molecular_Function_2021,snRNA binding (GO:0017069),2/43,0.2170668859975303,2.360903106256323,3.606396932103757,LSM10;TOE1,1.0
GO_Molecular_Function_2021,sodium:proton antiporter activity (GO:0015385),1/12,0.2182145401914772,4.395735022776464,6.691524436670892,SLC9A1,1.0
GO_Molecular_Function_2021,single-stranded telomeric DNA binding (GO:0043047),1/12,0.2182145401914772,4.395735022776464,6.691524436670892,RPA2,1.0
GO_Molecular_Function_2021,RNA stem-loop binding (GO:0035613),1/12,0.2182145401914772,4.395735022776464,6.691524436670892,ZC3H12A,1.0
GO_Molecular_Function_2021,neurexin family protein binding (GO:0042043),1/12,0.2182145401914772,4.395735022776464,6.691524436670892,SYTL1,1.0
GO_Molecular_Function_2021,poly(A)-specific ribonuclease activity (GO:0004535),1/12,0.2182145401914772,4.395735022776464,6.691524436670892,TOE1,1.0
GO_Molecular_Function_2021,aspartic-type peptidase activity (GO:0070001),1/12,0.2182145401914772,4.395735022776464,6.691524436670892,DDI2,1.0
GO_Molecular_Function_2021,phosphatidylinositol 3-kinase activity (GO:0035004),1/12,0.2182145401914772,4.395735022776464,6.691524436670892,PIK3CD,1.0
GO_Molecular_Function_2021,"2 iron, 2 sulfur cluster binding (GO:0051537)",1/12,0.2182145401914772,4.395735022776464,6.691524436670892,SDHB,1.0
GO_Molecular_Function_2021,BMP binding (GO:0036122),1/12,0.2182145401914772,4.395735022776464,6.691524436670892,NBL1,1.0
GO_Molecular_Function_2021,nuclear receptor binding (GO:0016922),4/120,0.2272259448397993,1.6707839702755747,2.4757850713568255,ARID1A;KDM1A;PADI2;THRAP3,1.0
GO_Molecular_Function_2021,metalloendopeptidase activity (GO:0004222),3/82,0.23235126231040784,1.8388980926993912,2.6838809436260913,ECE1;MMP23B;ZMPSTE24,1.0
GO_Molecular_Function_2021,microtubule minus-end binding (GO:0051011),1/13,0.2340943128892089,4.029218009566634,5.850550254605861,MACF1,1.0
GO_Molecular_Function_2021,water channel activity (GO:0015250),1/13,0.2340943128892089,4.029218009566634,5.850550254605861,PDPN,1.0
GO_Molecular_Function_2021,pseudouridine synthase activity (GO:0009982),1/13,0.2340943128892089,4.029218009566634,5.850550254605861,PUSL1,1.0
GO_Molecular_Function_2021,aldehyde dehydrogenase (NAD+) activity (GO:0004029),1/13,0.2340943128892089,4.029218009566634,5.850550254605861,ALDH4A1,1.0
GO_Molecular_Function_2021,basic amino acid transmembrane transporter activity (GO:0015174),1/13,0.2340943128892089,4.029218009566634,5.850550254605861,SLC66A1,1.0
GO_Molecular_Function_2021,protein phosphatase activator activity (GO:0072542),1/13,0.2340943128892089,4.029218009566634,5.850550254605861,PHACTR4,1.0
GO_Molecular_Function_2021,BMP receptor binding (GO:0070700),1/13,0.2340943128892089,4.029218009566634,5.850550254605861,BMP8A,1.0
GO_Molecular_Function_2021,phosphatidylinositol phosphate kinase activity (GO:0016307),1/13,0.2340943128892089,4.029218009566634,5.850550254605861,PIK3CD,1.0
GO_Molecular_Function_2021,cysteine-type endopeptidase activity involved in execution phase of apoptosis (GO:0097200),1/13,0.2340943128892089,4.029218009566634,5.850550254605861,CASP9,1.0
GO_Molecular_Function_2021,monovalent cation:proton antiporter activity (GO:0005451),1/13,0.2340943128892089,4.029218009566634,5.850550254605861,SLC9A1,1.0
GO_Molecular_Function_2021,mRNA 3'-UTR binding (GO:0003730),3/85,0.24859357298362783,1.7713489855805193,2.4656043384832835,PABPC4;PUM1;ZC3H12A,1.0
GO_Molecular_Function_2021,protein kinase C activity (GO:0004697),1/14,0.24965231103635377,3.7190882291583156,5.160926984389866,PRKCZ,1.0
GO_Molecular_Function_2021,phosphatase activator activity (GO:0019211),1/14,0.24965231103635377,3.7190882291583156,5.160926984389866,PHACTR4,1.0
GO_Molecular_Function_2021,RNA polymerase II core promoter sequence-specific DNA binding (GO:0000979),1/14,0.24965231103635377,3.7190882291583156,5.160926984389866,HDAC1,1.0
GO_Molecular_Function_2021,deoxyribonuclease activity (GO:0004536),1/14,0.24965231103635377,3.7190882291583156,5.160926984389866,DFFB,1.0
GO_Molecular_Function_2021,metal ion:proton antiporter activity (GO:0051139),1/14,0.24965231103635377,3.7190882291583156,5.160926984389866,SLC9A1,1.0
GO_Molecular_Function_2021,vitamin D receptor binding (GO:0042809),1/14,0.24965231103635377,3.7190882291583156,5.160926984389866,THRAP3,1.0
GO_Molecular_Function_2021,manganese ion binding (GO:0030145),2/48,0.2546935009359511,2.103745106127704,2.877280429851786,ATP13A2;HMGCL,1.0
GO_Molecular_Function_2021,cation transmembrane transporter activity (GO:0008324),2/48,0.2546935009359511,2.103745106127704,2.877280429851786,SLC66A1;SLC6A9,1.0
GO_Molecular_Function_2021,tRNA binding (GO:0000049),2/49,0.26224645046489453,2.058879242275477,2.7557492662293295,TRNAU1AP;YRDC,1.0
GO_Molecular_Function_2021,exonuclease activity (GO:0004527),2/49,0.26224645046489453,2.058879242275477,2.7557492662293295,EXOSC10;ZC3H12A,1.0
GO_Molecular_Function_2021,amino acid transmembrane transporter activity (GO:0015171),2/49,0.26224645046489453,2.058879242275477,2.7557492662293295,PDPN;SLC66A1,1.0
GO_Molecular_Function_2021,water transmembrane transporter activity (GO:0005372),1/15,0.2648950390319125,3.4532627030940426,4.587388801802879,PDPN,1.0
GO_Molecular_Function_2021,1-phosphatidylinositol binding (GO:0005545),1/15,0.2648950390319125,3.4532627030940426,4.587388801802879,EPB41,1.0
GO_Molecular_Function_2021,aldehyde dehydrogenase [NAD(P)+] activity (GO:0004030),1/15,0.2648950390319125,3.4532627030940426,4.587388801802879,ALDH4A1,1.0
GO_Molecular_Function_2021,clathrin adaptor activity (GO:0035615),1/15,0.2648950390319125,3.4532627030940426,4.587388801802879,LDLRAP1,1.0
GO_Molecular_Function_2021,cysteine-type endopeptidase activity involved in apoptotic process (GO:0097153),1/15,0.2648950390319125,3.4532627030940426,4.587388801802879,CASP9,1.0
GO_Molecular_Function_2021,aspartic-type endopeptidase activity (GO:0004190),1/15,0.2648950390319125,3.4532627030940426,4.587388801802879,DDI2,1.0
GO_Molecular_Function_2021,phosphatidylinositol kinase activity (GO:0052742),1/15,0.2648950390319125,3.4532627030940426,4.587388801802879,PIK3CD,1.0
GO_Molecular_Function_2021,protein serine/threonine kinase activity (GO:0004674),9/344,0.26616668342274685,1.3032895652015486,1.7250764736878819,CDK11A;CDK11B;MAP3K6;MTOR;PDIK1L;PINK1;PLK3;PRKCZ;TESK2,1.0
GO_Molecular_Function_2021,GTPase activity (GO:0003924),6/216,0.27586344603315016,1.3845713946714295,1.7831192965109068,GNB1;GNL2;GPN2;MFN2;RAP1GAP;RRAGC,1.0
GO_Molecular_Function_2021,"proton-transporting ATPase activity, rotational mechanism (GO:0046961)",1/16,0.27982887011287555,3.2228805805050063,4.104586712657392,ATP6V0B,1.0
GO_Molecular_Function_2021,nuclear import signal receptor activity (GO:0061608),1/16,0.27982887011287555,3.2228805805050063,4.104586712657392,KPNA6,1.0
GO_Molecular_Function_2021,calcium-dependent phospholipase A2 activity (GO:0047498),1/16,0.27982887011287555,3.2228805805050063,4.104586712657392,PLA2G5,1.0
GO_Molecular_Function_2021,"ATPase activity, coupled to transmembrane movement of ions, rotational mechanism (GO:0044769)",1/16,0.27982887011287555,3.2228805805050063,4.104586712657392,ATP6V0B,1.0
GO_Molecular_Function_2021,potassium ion antiporter activity (GO:0022821),1/16,0.27982887011287555,3.2228805805050063,4.104586712657392,SLC9A1,1.0
GO_Molecular_Function_2021,transmembrane receptor protein serine/threonine kinase binding (GO:0070696),1/16,0.27982887011287555,3.2228805805050063,4.104586712657392,BMP8A,1.0
GO_Molecular_Function_2021,chloride transmembrane transporter activity (GO:0015108),1/16,0.27982887011287555,3.2228805805050063,4.104586712657392,CLCN6,1.0
GO_Molecular_Function_2021,voltage-gated anion channel activity (GO:0008308),1/16,0.27982887011287555,3.2228805805050063,4.104586712657392,CLCN6,1.0
GO_Molecular_Function_2021,CoA hydrolase activity (GO:0016289),1/16,0.27982887011287555,3.2228805805050063,4.104586712657392,ACOT7,1.0
GO_Molecular_Function_2021,actin binding (GO:0003779),5/177,0.2910657422980826,1.4079626171244026,1.7377160770632052,CAP1;CAPZB;FHL3;MACF1;PHACTR4,1.0
GO_Molecular_Function_2021,transcription coregulator binding (GO:0001221),2/53,0.29243956033869045,1.8970102432792069,2.3323689057548727,PER3;ZBTB17,1.0
GO_Molecular_Function_2021,nuclear receptor coactivator activity (GO:0030374),2/53,0.29243956033869045,1.8970102432792069,2.3323689057548727,KDM1A;THRAP3,1.0
GO_Molecular_Function_2021,L-amino acid transmembrane transporter activity (GO:0015179),2/53,0.29243956033869045,1.8970102432792069,2.3323689057548727,SLC66A1;SLC6A9,1.0
GO_Molecular_Function_2021,histone deacetylase binding (GO:0042826),3/93,0.2926076688388971,1.6132340385467157,1.9825397391295945,HDAC1;RBBP4;SFPQ,1.0
GO_Molecular_Function_2021,DNA binding (GO:0003677),19/811,0.29288331822623803,1.165524727113004,1.4312421973020957,ARID1A;CAMTA1;CENPS;FOXJ3;HP1BP3;KHDRBS1;MTF1;NFYC;PRDM2;RLF;RPA2;SFPQ;TAF12;THRAP3;TRNP1;YBX1;ZC3H12A;ZMYM4;ZMYM6,1.0
GO_Molecular_Function_2021,nucleobase-containing compound kinase activity (GO:0019205),1/17,0.294460048992688,3.0212962232395992,3.693872843345954,NOL9,1.0
GO_Molecular_Function_2021,phosphatidylinositol bisphosphate binding (GO:1902936),3/94,0.2981557778901652,1.5954243879192815,1.9306855676677759,ATP13A2;LDLRAP1;SLC9A1,1.0
GO_Molecular_Function_2021,"oxidoreductase activity, acting on the CH-CH group of donors, NAD or NADP as acceptor (GO:0016628)",1/18,0.30879469444677227,2.8434276727112993,3.341251128771836,MECR,1.0
GO_Molecular_Function_2021,cysteine-type peptidase activity (GO:0008234),3/98,0.3203940861836539,1.5279351855416372,1.739101208902514,CASP9;TINAGL1;USP48,1.0
GO_Molecular_Function_2021,protein phosphatase regulator activity (GO:0019888),2/57,0.32246460773508284,1.7586858259551215,1.9904135982134301,PHACTR4;RCAN3,1.0
GO_Molecular_Function_2021,histone deacetylase activity (GO:0004407),1/19,0.32283880184616226,2.6853222944639215,3.036031148354949,HDAC1,1.0
GO_Molecular_Function_2021,nucleotidyltransferase activity (GO:0016779),1/19,0.32283880184616226,2.6853222944639215,3.036031148354949,YRDC,1.0
GO_Molecular_Function_2021,phosphatidic acid binding (GO:0070300),1/19,0.32283880184616226,2.6853222944639215,3.036031148354949,ATP13A2,1.0
GO_Molecular_Function_2021,SUMO transferase activity (GO:0019789),1/19,0.32283880184616226,2.6853222944639215,3.036031148354949,MUL1,1.0
GO_Molecular_Function_2021,GABA-A receptor activity (GO:0004890),1/19,0.32283880184616226,2.6853222944639215,3.036031148354949,GABRD,1.0
GO_Molecular_Function_2021,microtubule binding (GO:0008017),6/232,0.33238246980140934,1.2854866941902665,1.4159236865574572,KIF1B;MACF1;MACO1;PEX14;RCC2;SVBP,1.0
GO_Molecular_Function_2021,organic anion transmembrane transporter activity (GO:0008514),4/144,0.3353017608294342,1.3826581041982704,1.5108642113927861,MFSD2A;PDPN;SLC66A1;SLC6A9,1.0
GO_Molecular_Function_2021,transcription coactivator binding (GO:0001223),1/20,0.3365982456402897,2.543859587611004,2.769920202142577,ZBTB17,1.0
GO_Molecular_Function_2021,magnesium ion binding (GO:0000287),4/146,0.3445189641278911,1.363043902047468,1.4524679535331744,HMGCL;MAP3K6;PINK1;RRAGC,1.0
GO_Molecular_Function_2021,nuclease activity (GO:0004518),2/60,0.3447755082947065,1.667463257633634,1.7756178831760823,DFFB;ZC3H12A,1.0
GO_Molecular_Function_2021,sialyltransferase activity (GO:0008373),1/21,0.3500787817899415,2.4165431514433786,2.536396584700136,ST3GAL3,1.0
GO_Molecular_Function_2021,bHLH transcription factor binding (GO:0043425),1/22,0.363286050151385,2.301352090148861,2.330267976422873,KDM1A,1.0
GO_Molecular_Function_2021,phospholipid transfer activity (GO:0120014),1/22,0.363286050151385,2.301352090148861,2.330267976422873,CPTP,1.0
GO_Molecular_Function_2021,adenylyltransferase activity (GO:0070566),1/22,0.363286050151385,2.301352090148861,2.330267976422873,NMNAT1,1.0
GO_Molecular_Function_2021,GABA receptor activity (GO:0016917),1/22,0.363286050151385,2.301352090148861,2.330267976422873,GABRD,1.0
GO_Molecular_Function_2021,K63-linked polyubiquitin modification-dependent protein binding (GO:0070530),1/22,0.363286050151385,2.301352090148861,2.330267976422873,FAAP20,1.0
GO_Molecular_Function_2021,mRNA 3'-UTR AU-rich region binding (GO:0035925),1/22,0.363286050151385,2.301352090148861,2.330267976422873,ZC3H12A,1.0
GO_Molecular_Function_2021,peptidase activator activity (GO:0016504),1/22,0.363286050151385,2.301352090148861,2.330267976422873,PINK1,1.0
GO_Molecular_Function_2021,TBP-class protein binding (GO:0017025),1/22,0.363286050151385,2.301352090148861,2.330267976422873,TAF12,1.0
GO_Molecular_Function_2021,protein kinase A regulatory subunit binding (GO:0034237),1/22,0.363286050151385,2.301352090148861,2.330267976422873,WASF2,1.0
GO_Molecular_Function_2021,syntaxin-1 binding (GO:0017075),1/22,0.363286050151385,2.301352090148861,2.330267976422873,VAMP3,1.0
GO_Molecular_Function_2021,mannosyltransferase activity (GO:0000030),1/22,0.363286050151385,2.301352090148861,2.330267976422873,PIGV,1.0
GO_Molecular_Function_2021,telomerase RNA binding (GO:0070034),1/22,0.363286050151385,2.301352090148861,2.330267976422873,EXOSC10,1.0
GO_Molecular_Function_2021,thiol-dependent deubiquitinase (GO:0004843),3/106,0.3648424444349713,1.408682420175314,1.4203599433829126,OTUD3;USP48;ZC3H12A,1.0
GO_Molecular_Function_2021,"DNA-binding transcription activator activity, RNA polymerase II-specific (GO:0001228)",8/333,0.36485548295161463,1.1917433027200177,1.20157988153522,FOXJ3;GMEB1;MTF1;NFYC;PRDM2;RLF;TP73;ZBTB17,1.0
GO_Molecular_Function_2021,methylation-dependent protein binding (GO:0140034),2/63,0.36684312586294004,1.5852134009503258,1.589685244004497,KDM4A;PHF13,1.0
GO_Molecular_Function_2021,GTPase activator activity (GO:0005096),8/336,0.3740672512267854,1.180659365481656,1.1609655913649475,ARHGEF10L;ARHGEF16;ASAP3;EIF2B3;ERRFI1;RAP1GAP;RCC1;SMAP2,1.0
GO_Molecular_Function_2021,phosphatidylinositol phospholipase C activity (GO:0004435),1/23,0.3762255768126393,2.1966329435174807,2.147354508526695,PLCH2,1.0
GO_Molecular_Function_2021,pyrophosphate hydrolysis-driven proton transmembrane transporter activity (GO:0009678),1/23,0.3762255768126393,2.1966329435174807,2.147354508526695,ATP6V0B,1.0
GO_Molecular_Function_2021,disordered domain specific binding (GO:0097718),1/23,0.3762255768126393,2.1966329435174807,2.147354508526695,DFFB,1.0
GO_Molecular_Function_2021,protein phosphatase 1 binding (GO:0008157),1/23,0.3762255768126393,2.1966329435174807,2.147354508526695,PHACTR4,1.0
GO_Molecular_Function_2021,"phosphatidylinositol-3,5-bisphosphate binding (GO:0080025)",1/24,0.38890277638284876,2.1010198096366555,1.9842575220700667,ATP13A2,1.0
GO_Molecular_Function_2021,nuclear localization sequence binding (GO:0008139),1/24,0.38890277638284876,2.1010198096366555,1.9842575220700667,KPNA6,1.0
GO_Molecular_Function_2021,deubiquitinase activity (GO:0101005),3/112,0.3978813861454617,1.3307304978601717,1.2264030138340456,OTUD3;USP48;ZC3H12A,1.0
GO_Molecular_Function_2021,phospholipase C activity (GO:0004629),1/25,0.4013229542357001,2.0133744369125655,1.8381883184660535,PLCH2,1.0
GO_Molecular_Function_2021,protein-cysteine S-palmitoyltransferase activity (GO:0019706),1/25,0.4013229542357001,2.0133744369125655,1.8381883184660535,ZDHHC18,1.0
GO_Molecular_Function_2021,NF-kappaB binding (GO:0051059),1/25,0.4013229542357001,2.0133744369125655,1.8381883184660535,HDAC1,1.0
GO_Molecular_Function_2021,methylated histone binding (GO:0035064),2/68,0.40294817954480944,1.4647464391414398,1.3313773386790626,KDM4A;PHF13,1.0
GO_Molecular_Function_2021,anion channel activity (GO:0005253),2/68,0.40294817954480944,1.4647464391414398,1.3313773386790626,CLIC4;GABRD,1.0
GO_Molecular_Function_2021,omega peptidase activity (GO:0008242),3/113,0.4033461207494495,1.3185652736200812,1.197204822809361,OTUD3;USP48;ZC3H12A,1.0
GO_Molecular_Function_2021,general transcription initiation factor binding (GO:0140296),1/26,0.4134913087078055,1.9327406940064027,1.7068396106737909,TAF12,1.0
GO_Molecular_Function_2021,neuropeptide hormone activity (GO:0005184),1/26,0.4134913087078055,1.9327406940064027,1.7068396106737909,CORT,1.0
GO_Molecular_Function_2021,androgen receptor binding (GO:0050681),1/27,0.42541293325294577,1.8583095467084063,1.5882878299103143,KDM1A,1.0
GO_Molecular_Function_2021,protein tyrosine kinase binding (GO:1990782),2/72,0.4311162145696749,1.3807637571946736,1.1617436766600513,ARHGEF16;KHDRBS1,1.0
GO_Molecular_Function_2021,transcription regulatory region nucleic acid binding (GO:0001067),5/212,0.43114982725300915,1.1677930491725805,0.9824638511345094,NFYC;PER3;SFPQ;TP73;ZBTB48,1.0
GO_Molecular_Function_2021,thyroid hormone receptor binding (GO:0046966),1/28,0.43709281855306586,1.7893918177287802,1.4809180379879783,THRAP3,1.0
GO_Molecular_Function_2021,"endoribonuclease activity, producing 5'-phosphomonoesters (GO:0016891)",1/28,0.43709281855306586,1.7893918177287802,1.4809180379879783,AGO3,1.0
GO_Molecular_Function_2021,sodium ion transmembrane transporter activity (GO:0015081),1/28,0.43709281855306586,1.7893918177287802,1.4809180379879783,SLC9A1,1.0
GO_Molecular_Function_2021,metallopeptidase activity (GO:0008237),3/121,0.44648346960771035,1.2286663283882269,0.9907386588786958,ECE1;MMP23B;ZMPSTE24,1.0
GO_Molecular_Function_2021,palmitoyltransferase activity (GO:0016409),1/29,0.44853585458688644,1.7253967836762698,1.3833656118351094,ZDHHC18,1.0
GO_Molecular_Function_2021,transcription corepressor binding (GO:0001222),1/29,0.44853585458688644,1.7253967836762698,1.3833656118351094,PER3,1.0
GO_Molecular_Function_2021,phospholipase A2 activity (GO:0004623),1/29,0.44853585458688644,1.7253967836762698,1.3833656118351094,PLA2G5,1.0
GO_Molecular_Function_2021,protein phosphatase inhibitor activity (GO:0004864),1/29,0.44853585458688644,1.7253967836762698,1.3833656118351094,PPP1R8,1.0
GO_Molecular_Function_2021,ubiquitin conjugating enzyme binding (GO:0031624),1/29,0.44853585458688644,1.7253967836762698,1.3833656118351094,RNF19B,1.0
GO_Molecular_Function_2021,protein kinase binding (GO:0019901),11/506,0.4516708839011373,1.0744866118976666,0.8540035679968149,CAMK2N1;CASP9;DVL1;ERRFI1;FGR;KHDRBS1;MAD2L2;PINK1;RCC2;SKI;TP73,1.0
GO_Molecular_Function_2021,"phosphatidylinositol-4,5-bisphosphate binding (GO:0005546)",2/75,0.4517723859576435,1.3238165961485788,1.051873950617009,LDLRAP1;SLC9A1,1.0
GO_Molecular_Function_2021,protein phosphatase binding (GO:0019903),3/123,0.4570791920951756,1.2080644867725936,0.9457920150229775,PHACTR4;RPA2;SLC9A1,1.0
GO_Molecular_Function_2021,endopeptidase activity (GO:0004175),7/315,0.4579134795938663,1.0985417821053554,0.8580435465129683,CASP9;DDI2;ECE1;MMP23B;PSMB2;USP48;ZMPSTE24,1.0
GO_Molecular_Function_2021,hormone activity (GO:0005179),2/78,0.471995823045005,1.271365263606123,0.9545221511357977,C1QTNF12;CORT,1.0
GO_Molecular_Function_2021,small GTPase binding (GO:0031267),4/175,0.4763705462413188,1.130196940842036,0.8381080173923667,ARHGEF16;RAP1GAP;RCC1;RCC2,1.0
GO_Molecular_Function_2021,SH2 domain binding (GO:0042169),1/32,0.4814912986137994,1.5581839527648724,1.1388254169310166,KHDRBS1,1.0
GO_Molecular_Function_2021,chemokine binding (GO:0019956),1/32,0.4814912986137994,1.5581839527648724,1.1388254169310166,PDPN,1.0
GO_Molecular_Function_2021,RNA polymerase II complex binding (GO:0000993),1/32,0.4814912986137994,1.5581839527648724,1.1388254169310166,AGO1,1.0
GO_Molecular_Function_2021,neutral amino acid transmembrane transporter activity (GO:0015175),1/32,0.4814912986137994,1.5581839527648724,1.1388254169310166,SLC6A9,1.0
GO_Molecular_Function_2021,potassium ion transmembrane transporter activity (GO:0015079),1/32,0.4814912986137994,1.5581839527648724,1.1388254169310166,KCNQ4,1.0
GO_Molecular_Function_2021,acetyltransferase activity (GO:0016407),1/32,0.4814912986137994,1.5581839527648724,1.1388254169310166,PAFAH2,1.0
GO_Molecular_Function_2021,beta-tubulin binding (GO:0048487),1/32,0.4814912986137994,1.5581839527648724,1.1388254169310166,PEX14,1.0
GO_Molecular_Function_2021,delayed rectifier potassium channel activity (GO:0005251),1/33,0.4920338934036032,1.5094135437490483,1.0704876712298748,KCNQ4,1.0
GO_Molecular_Function_2021,basal RNA polymerase II transcription machinery binding (GO:0001099),1/33,0.4920338934036032,1.5094135437490483,1.0704876712298748,AGO1,1.0
GO_Molecular_Function_2021,2-oxoglutarate-dependent dioxygenase activity (GO:0016706),1/33,0.4920338934036032,1.5094135437490483,1.0704876712298748,KDM4A,1.0
GO_Molecular_Function_2021,RNA polymerase core enzyme binding (GO:0043175),1/33,0.4920338934036032,1.5094135437490483,1.0704876712298748,AGO1,1.0
GO_Molecular_Function_2021,nucleoside-triphosphatase activity (GO:0017111),6/278,0.4973456488152145,1.0655514445009198,0.7442557431841358,GNB1;GNL2;GPN2;MFN2;RAP1GAP;RRAGC,1.0
GO_Molecular_Function_2021,frizzled binding (GO:0005109),1/34,0.502362647812284,1.4635989170978194,1.007589813930351,DVL1,1.0
GO_Molecular_Function_2021,NADH dehydrogenase (ubiquinone) activity (GO:0008137),1/35,0.5124818887713251,1.4204792684848984,0.9495760549042143,NDUFS5,1.0
GO_Molecular_Function_2021,non-membrane spanning protein tyrosine kinase activity (GO:0004715),1/35,0.5124818887713251,1.4204792684848984,0.9495760549042143,FGR,1.0
GO_Molecular_Function_2021,ubiquitin-like protein conjugating enzyme binding (GO:0044390),1/35,0.5124818887713251,1.4204792684848984,0.9495760549042143,RNF19B,1.0
GO_Molecular_Function_2021,estrogen receptor binding (GO:0030331),1/35,0.5124818887713251,1.4204792684848984,0.9495760549042143,PADI2,1.0
GO_Molecular_Function_2021,ubiquitin conjugating enzyme activity (GO:0061631),1/35,0.5124818887713251,1.4204792684848984,0.9495760549042143,UBE2J2,1.0
GO_Molecular_Function_2021,"catalytic activity, acting on a tRNA (GO:0140101)",1/35,0.5124818887713251,1.4204792684848984,0.9495760549042143,TRIT1,1.0
GO_Molecular_Function_2021,NADH dehydrogenase (quinone) activity (GO:0050136),1/35,0.5124818887713251,1.4204792684848984,0.9495760549042143,NDUFS5,1.0
GO_Molecular_Function_2021,GTPase regulator activity (GO:0030695),5/233,0.51306012847916,1.0590847184154402,0.7067931406785406,ARHGEF10L;ASAP3;ERRFI1;RAP1GAP;SMAP2,1.0
GO_Molecular_Function_2021,NADP binding (GO:0050661),1/36,0.5223958558716933,1.3798235997927155,0.8959603529216088,PGD,1.0
GO_Molecular_Function_2021,phosphoric diester hydrolase activity (GO:0008081),1/36,0.5223958558716933,1.3798235997927155,0.8959603529216088,SMPDL3B,1.0
GO_Molecular_Function_2021,cytokine receptor activity (GO:0004896),2/88,0.5360299903058571,1.1229564544743682,0.7002365295322959,CSF3R;IFNLR1,1.0
GO_Molecular_Function_2021,ubiquitin-like protein conjugating enzyme activity (GO:0061650),1/38,0.5416245006746325,1.3051050735476224,0.8002673579182176,UBE2J2,1.0
GO_Molecular_Function_2021,ATPase regulator activity (GO:0060590),1/38,0.5416245006746325,1.3051050735476224,0.8002673579182176,ATP5IF1,1.0
GO_Molecular_Function_2021,sodium channel activity (GO:0005272),1/38,0.5416245006746325,1.3051050735476224,0.8002673579182176,SCNN1D,1.0
GO_Molecular_Function_2021,signaling receptor complex adaptor activity (GO:0030159),1/39,0.5509472365090232,1.2706952259347508,0.7574820525522384,LDLRAP1,1.0
GO_Molecular_Function_2021,G protein-coupled receptor binding (GO:0001664),3/143,0.5575888924464457,1.0344203931551126,0.6042394392425982,CORT;DVL1;PTCH2,1.0
GO_Molecular_Function_2021,proton transmembrane transporter activity (GO:0015078),1/40,0.5600808180919766,1.23804998589177,0.7176656198349693,SLC9A1,1.0
GO_Molecular_Function_2021,carboxylic acid binding (GO:0031406),1/41,0.5690290739965186,1.207037007850938,0.6805561315596275,SESN2,1.0
GO_Molecular_Function_2021,signal sequence binding (GO:0005048),1/42,0.577795755491454,1.17753685800722,0.6459199884204812,KPNA6,1.0
GO_Molecular_Function_2021,carboxylic ester hydrolase activity (GO:0052689),2/96,0.583286181665852,1.0269643736742544,0.553613218141537,H6PD;PAFAH2,1.0
GO_Molecular_Function_2021,guanyl-nucleotide exchange factor activity (GO:0005085),3/149,0.5855000597875992,0.9916040413042269,0.530794729548117,ARHGEF16;EIF2B3;RCC1,1.0
GO_Molecular_Function_2021,protein kinase inhibitor activity (GO:0004860),1/43,0.5863845380984521,1.149441477203679,0.6135482926781658,CAMK2N1,1.0
GO_Molecular_Function_2021,S-adenosylmethionine-dependent methyltransferase activity (GO:0008757),1/43,0.5863845380984521,1.149441477203679,0.6135482926781658,ICMT,1.0
GO_Molecular_Function_2021,tubulin binding (GO:0015631),6/307,0.5942514763394855,0.9614451591864625,0.5003867178194178,KIF1B;MACO1;PEX14;RCC2;STMN1;SVBP,1.0
GO_Molecular_Function_2021,damaged DNA binding (GO:0003684),1/44,0.5947990231178454,1.1226528582979771,0.5832537555798458,RPA2,1.0
GO_Molecular_Function_2021,cyclin-dependent protein serine/threonine kinase regulator activity (GO:0016538),1/44,0.5947990231178454,1.1226528582979771,0.5832537555798458,CCNL2,1.0
GO_Molecular_Function_2021,copper ion binding (GO:0005507),1/45,0.6030427391237655,1.0970819038879889,0.5548680506880881,ATP13A2,1.0
GO_Molecular_Function_2021,metal ion binding (GO:0046872),10/517,0.6064021253402008,0.9506803502482948,0.4755416621383753,AGRN;EFHD2;HMGCL;MAN1C1;MAP3K6;PADI2;PINK1;PLA2G5;RRAGC;SDF4,1.0
GO_Molecular_Function_2021,channel activity (GO:0015267),1/46,0.6111191434292407,1.072647436340667,0.5282395406346738,PDPN,1.0
GO_Molecular_Function_2021,ribosome binding (GO:0043022),1/48,0.6267834984704764,1.0268977949754683,0.4797195105553678,ZC3H12A,1.0
GO_Molecular_Function_2021,cysteine-type endopeptidase activity (GO:0004197),2/105,0.6320993245041152,0.9367970550586137,0.4297169950360345,CASP9;USP48,1.0
GO_Molecular_Function_2021,potassium channel regulator activity (GO:0015459),1/50,0.6418183753616474,0.9848828182115101,0.43674620668751407,KCNAB2,1.0
GO_Molecular_Function_2021,protein homodimerization activity (GO:0042803),12/636,0.6429201595154481,0.9259078254845731,0.4090056443789459,ACOT7;ATP5IF1;ECE1;ENO1;GALE;MMACHC;PADI2;PPCS;RAP1GAP;SFPQ;SMIM1;SRM,1.0
GO_Molecular_Function_2021,polyubiquitin modification-dependent protein binding (GO:0031593),1/51,0.6491076856174456,0.96513577913245,0.41708984567593693,FAAP20,1.0
GO_Molecular_Function_2021,exopeptidase activity (GO:0008238),1/53,0.6632453455464855,0.9279202054834518,0.38101359732225565,ZMPSTE24,1.0
GO_Molecular_Function_2021,phosphoric ester hydrolase activity (GO:0042578),1/53,0.6632453455464855,0.9279202054834518,0.38101359732225565,SMPDL3B,1.0
GO_Molecular_Function_2021,ATP binding (GO:0005524),5/278,0.6686239056417181,0.8824550130251096,0.3552177498686086,CDK11A;CDK11B;MAP3K6;NOL9;PINK1,1.0
GO_Molecular_Function_2021,pyrophosphatase activity (GO:0016462),1/54,0.6700996288827328,0.9103656896112827,0.36444567493417185,ALPL,1.0
GO_Molecular_Function_2021,phosphatase binding (GO:0019902),2/114,0.67634025424016,0.861120912649058,0.33674907858342157,RCAN3;RPA2,1.0
GO_Molecular_Function_2021,metalloexopeptidase activity (GO:0008235),1/55,0.676814737208894,0.8934613409936385,0.3487695106169684,ZMPSTE24,1.0
GO_Molecular_Function_2021,hydro-lyase activity (GO:0016836),1/55,0.676814737208894,0.8934613409936385,0.3487695106169684,ENO1,1.0
GO_Molecular_Function_2021,receptor tyrosine kinase binding (GO:0030971),1/56,0.6833934896126639,0.8771716959620907,0.3339256385036218,ARHGEF16,1.0
GO_Molecular_Function_2021,microtubule motor activity (GO:0003777),1/56,0.6833934896126639,0.8771716959620907,0.3339256385036218,KIF1B,1.0
GO_Molecular_Function_2021,secondary active transmembrane transporter activity (GO:0015291),1/56,0.6833934896126639,0.8771716959620907,0.3339256385036218,MFSD2A,1.0
GO_Molecular_Function_2021,carboxylic acid transmembrane transporter activity (GO:0046943),1/57,0.6898386482176202,0.8614638239673836,0.31985940888887787,PDPN,1.0
GO_Molecular_Function_2021,"hydrolase activity, acting on carbon-nitrogen (but not peptide) bonds, in linear amides (GO:0016811)",1/57,0.6898386482176202,0.8614638239673836,0.31985940888887787,HDAC1,1.0
GO_Molecular_Function_2021,oxidoreduction-driven active transmembrane transporter activity (GO:0015453),1/58,0.696152919331477,0.8463071053759995,0.3065205269551518,NDUFS5,1.0
GO_Molecular_Function_2021,hexosyltransferase activity (GO:0016758),2/119,0.6989947894569704,0.824109314034698,0.29512342729839364,B4GALT2;PIGV,1.0
GO_Molecular_Function_2021,calcium ion binding (GO:0005509),6/348,0.7123612736477518,0.8443859442412286,0.2863904562376281,AGRN;EFHD2;MAN1C1;PADI2;PLA2G5;SDF4,1.0
GO_Molecular_Function_2021,protein serine/threonine phosphatase activity (GO:0004722),1/62,0.7201533638540298,0.7906496469420651,0.2595632298973152,SSU72,1.0
GO_Molecular_Function_2021,syntaxin binding (GO:0019905),1/62,0.7201533638540298,0.7906496469420651,0.2595632298973152,VAMP3,1.0
GO_Molecular_Function_2021,kinase binding (GO:0019900),8/461,0.7219239671011259,0.8493238612075994,0.2767398262144035,CAMK2N1;CASP9;DVL1;ERRFI1;FGR;RCC2;SKI;TP73,1.0
GO_Molecular_Function_2021,PDZ domain binding (GO:0030165),1/63,0.7258519160796926,0.7778574085116848,0.24923271455006946,ARHGEF16,1.0
GO_Molecular_Function_2021,protein heterodimerization activity (GO:0046982),3/188,0.738090786088345,0.7809938781458162,0.23717881685198194,PEF1;RCC1;RRAGC,1.0
GO_Molecular_Function_2021,motor activity (GO:0003774),1/66,0.742262346829305,0.7418423372384608,0.22110798632778064,KIF1B,1.0
GO_Molecular_Function_2021,adenyl ribonucleotide binding (GO:0032559),5/306,0.7472279868918537,0.7992062836628453,0.23287667267789386,CDK11A;CDK11B;MAP3K6;NOL9;PINK1,1.0
GO_Molecular_Function_2021,GDP binding (GO:0019003),1/67,0.7475117441999934,0.7305648906781583,0.2125982278116566,RRAGC,1.0
GO_Molecular_Function_2021,ATPase binding (GO:0051117),1/73,0.7768424714915736,0.6694787218098532,0.16905521937285392,ATP5IF1,1.0
GO_Molecular_Function_2021,RNA polymerase II transcription regulatory region sequence-specific DNA binding (GO:0000977),24/1359,0.789704244816441,0.859297583717429,0.2028773902285354,ENO1;FOXJ3;GMEB1;HDAC1;HES4;HEYL;HIVEP3;MED8;MTF1;NFYC;PRDM2;SKI;TFAP2E;THRAP3;TP73;ZBTB17;ZBTB40;ZBTB48;ZBTB8A;ZFP69;ZNF362;ZNF436;ZNF684;ZNF691,1.0
GO_Molecular_Function_2021,"acyltransferase activity, transferring groups other than amino-acyl groups (GO:0016747)",1/76,0.7902071876334547,0.642600807507799,0.15130685365950441,ZDHHC18,1.0
GO_Molecular_Function_2021,phosphatase activity (GO:0016791),1/79,0.8027733553138734,0.6177904250751336,0.13571796270689818,ALPL,1.0
GO_Molecular_Function_2021,ligand-gated cation channel activity (GO:0099094),1/80,0.8067929335349752,0.6099390382293534,0.1309467334850022,SCNN1D,1.0
GO_Molecular_Function_2021,voltage-gated potassium channel activity (GO:0005249),1/82,0.8145885774447112,0.5948178487485914,0.12198054902056964,KCNQ4,1.0
GO_Molecular_Function_2021,UDP-glycosyltransferase activity (GO:0008194),1/84,0.8220704211362273,0.5804253912909988,0.11372229250840384,B3GALT6,1.0
GO_Molecular_Function_2021,purine ribonucleoside triphosphate binding (GO:0035639),7/460,0.8281906161193086,0.7412958262761203,0.13974311312970858,CDK11A;CDK11B;GNL2;MAP3K6;NOL9;PINK1;RRAGC,1.0
GO_Molecular_Function_2021,growth factor activity (GO:0008083),1/87,0.8327322385617909,0.5600918612782371,0.10252096781932794,ARTN,1.0
GO_Molecular_Function_2021,potassium channel activity (GO:0005267),1/91,0.8459631312357727,0.535089150299582,0.08950944574501184,KCNQ4,1.0
GO_Molecular_Function_2021,phosphatidylinositol binding (GO:0035091),1/92,0.8491043723186134,0.5291819163870426,0.08655996073028323,EPB41,1.0
GO_Molecular_Function_2021,sequence-specific double-stranded DNA binding (GO:1990837),11/712,0.8597337810854213,0.7505480230724945,0.11343219499497348,FOXJ3;GMEB1;MTF1;NFYC;PER3;SFPQ;TFAP2E;TP73;YBX1;ZBTB48;ZNF684,1.0
GO_Molecular_Function_2021,single-stranded DNA binding (GO:0003697),1/97,0.8638775635692496,0.5014917574220142,0.0733803947805145,RPA2,1.0
GO_Molecular_Function_2021,voltage-gated cation channel activity (GO:0022843),1/97,0.8638775635692496,0.5014917574220142,0.0733803947805145,KCNQ4,1.0
GO_Molecular_Function_2021,cation channel activity (GO:0005261),1/98,0.8666543162794382,0.49629628429661715,0.07102748947276744,KCNQ4,1.0
GO_Molecular_Function_2021,protein kinase regulator activity (GO:0019887),1/98,0.8666543162794382,0.49629628429661715,0.07102748947276744,CCNL2,1.0
GO_Molecular_Function_2021,receptor ligand activity (GO:0048018),4/307,0.8729108077351078,0.6334991553823094,0.0861064062536685,ARTN;BMP8A;C1QTNF12;NBL1,1.0
GO_Molecular_Function_2021,GTP binding (GO:0005525),2/189,0.8991860301405139,0.5137660700383525,0.054595523975388506,GNL2;RRAGC,1.0
GO_Molecular_Function_2021,protease binding (GO:0002020),1/118,0.9117187550373725,0.41103723813625476,0.03798959023795356,PINK1,1.0
GO_Molecular_Function_2021,double-stranded DNA binding (GO:0003690),9/651,0.9154727276747068,0.669224776923409,0.05910238865420012,CAMTA1;CENPS;FOXJ3;GMEB1;MTF1;TFAP2E;YBX1;ZBTB48;ZNF684,1.0
GO_Molecular_Function_2021,guanyl ribonucleotide binding (GO:0032561),2/214,0.9335323681230872,0.452596663792442,0.031129436805377705,GNL2;RRAGC,1.0
GO_Molecular_Function_2021,RNA polymerase II cis-regulatory region sequence-specific DNA binding (GO:0000978),17/1149,0.9349342975280024,0.7127408143145285,0.04795250505915598,FOXJ3;GMEB1;HDAC1;HES4;HEYL;HIVEP3;MED8;MTF1;NFYC;SKI;THRAP3;TP73;ZBTB17;ZBTB40;ZBTB48;ZNF362;ZNF691,1.0
GO_Molecular_Function_2021,cis-regulatory region sequence-specific DNA binding (GO:0000987),17/1149,0.9349342975280024,0.7127408143145285,0.04795250505915598,FOXJ3;GMEB1;HDAC1;HES4;HEYL;HIVEP3;MED8;MTF1;NFYC;SKI;THRAP3;TP73;ZBTB17;ZBTB40;ZBTB48;ZNF362;ZNF691,1.0
GO_Molecular_Function_2021,cytokine activity (GO:0005125),1/173,0.9716616671039763,0.27881136276836715,0.008015161498809575,BMP8A,1.0
GO_Molecular_Function_2021,sequence-specific DNA binding (GO:0043565),8/707,0.9768966496456998,0.5433461883164397,0.012700399787007745,FOXJ3;GMEB1;KDM1A;MTF1;PRDM2;TFAP2E;YBX1;ZNF684,1.0
GO_Molecular_Function_2021,G protein-coupled receptor activity (GO:0004930),2/283,0.9799007215035886,0.3402452262421243,0.006908344870496977,ADGRB2;GPR3,1.0
