Biomarker_Name,Original_Index,Attention_Score,Ensembl ID,Gene Name
466,466,0.9383539,ENSG00000178922,HYI
293,293,0.027716098,ENSG00000126705,AHDC1
23,23,0.017425762,ENSG00000175756,AURKAIP1
92,92,0.01640437,ENSG00000204859,ZBTB48
468,468,5.297782e-05,ENSG00000066135,KDM4A
329,329,3.5807632e-05,ENSG00000168528,SERINC2
45,45,6.027333e-06,ENSG00000078369,GNB1
44,44,1.805641e-06,ENSG00000008130,NADK
462,462,1.6843269e-06,ENSG00000066056,TIE1
152,152,4.7359435e-07,ENSG00000259961,AL354712.1
140,140,3.5930333e-07,ENSG00000116670,MAD2L2
176,176,1.3548042e-07,ENSG00000037637,FBXO42
355,355,9.759741e-08,ENSG00000116497,S100PBP
47,47,8.645909e-08,ENSG00000178821,TMEM52
246,246,8.031054e-08,ENSG00000188529,SRSF10
162,162,7.232862e-08,ENSG00000116786,PLEKHM2
185,185,5.9790985e-08,ENSG00000117115,PADI2
5,5,3.9312834e-08,ENSG00000188976,NOC2L
291,291,2.2084576e-08,ENSG00000181773,GPR3
361,361,2.0501158e-08,ENSG00000142920,AZIN2
469,469,1.2018173e-08,ENSG00000126091,ST3GAL3
135,135,1.0880382e-08,ENSG00000120942,UBIAD1
115,115,1.0340078e-08,ENSG00000178585,CTNNBIP1
372,372,6.6765398e-09,ENSG00000197056,ZMYM1
408,408,5.0382276e-09,ENSG00000197982,C1orf122
286,286,4.8664432e-09,ENSG00000090020,SLC9A1
74,74,4.664213e-09,ENSG00000130764,LRRC47
487,487,4.1396637e-09,ENSG00000117425,PTCH2
318,318,3.8811105e-09,ENSG00000253304,TMEM200B
125,125,3.7355545e-09,ENSG00000160049,DFFA
108,108,3.4377323e-09,ENSG00000142583,SLC2A5
288,288,2.8912905e-09,ENSG00000186501,TMEM222
100,100,2.7020408e-09,ENSG00000269978,AL359881.1
86,86,2.4918019e-09,ENSG00000158292,GPR153
73,73,1.8421539e-09,ENSG00000235169,SMIM1
342,342,1.7079663e-09,ENSG00000160055,TMEM234
388,388,1.6480992e-09,ENSG00000054118,THRAP3
261,261,1.1514413e-09,ENSG00000117643,MAN1C1
401,401,1.0399469e-09,ENSG00000163877,SNIP1
113,113,9.393972e-10,ENSG00000171608,PIK3CD
209,209,9.2166524e-10,ENSG00000158828,PINK1
182,182,8.557062e-10,ENSG00000238142,BX284668.5
166,166,6.103838e-10,ENSG00000179743,AL450998.2
211,211,4.766712e-10,ENSG00000189410,SH2D5
451,451,3.661868e-10,ENSG00000171960,PPIH
394,394,3.398756e-10,ENSG00000116885,OSCP1
460,460,2.7124286e-10,ENSG00000117395,EBNA1BP2
320,320,2.2705333e-10,ENSG00000116353,MECR
16,16,1.915189e-10,ENSG00000162572,SCNN1D
333,333,1.5850211e-10,ENSG00000121753,ADGRB2
263,263,1.4668279e-10,ENSG00000117640,MTFR1L
309,309,1.4416018e-10,ENSG00000204138,PHACTR4
13,13,1.2907679e-10,ENSG00000176022,B3GALT6
431,431,1.2675708e-10,ENSG00000117000,RLF
370,370,8.340599e-11,ENSG00000243749,TMEM35B
190,190,4.888356e-11,ENSG00000169991,IFFO2
367,367,4.8127526e-11,ENSG00000188910,GJB3
378,378,4.705177e-11,ENSG00000116819,TFAP2E
304,304,3.0815895e-11,ENSG00000126698,DNAJC8
317,317,2.7674765e-11,ENSG00000159023,EPB41
78,78,2.4280213e-11,ENSG00000196581,AJAP1
38,38,2.3214564e-11,ENSG00000197530,MIB2
3,3,2.1708753e-11,ENSG00000225880,LINC00115
248,248,2.0462607e-11,ENSG00000230023,LINC02800
215,215,1.9425336e-11,ENSG00000142794,NBPF3
303,303,1.9126544e-11,ENSG00000158161,EYA3
250,250,1.8773498e-11,ENSG00000001461,NIPAL3
260,260,1.803289e-11,ENSG00000225643,AL606491.1
377,377,1.4607685e-11,ENSG00000239636,AC004865.2
156,156,1.3995094e-11,ENSG00000175147,TMEM51-AS1
440,440,1.3964669e-11,ENSG00000066136,NFYC
207,207,1.2944853e-11,ENSG00000090432,MUL1
94,94,1.2739277e-11,ENSG00000116273,PHF13
189,189,1.2269694e-11,ENSG00000159423,ALDH4A1
254,254,1.16856915e-11,ENSG00000117614,SYF2
476,476,1.0326444e-11,ENSG00000159214,CCDC24
376,376,8.985162e-12,ENSG00000020129,NCDN
21,21,7.926383e-12,ENSG00000107404,DVL1
475,475,7.460292e-12,ENSG00000117411,B4GALT2
155,155,6.9377937e-12,ENSG00000189337,KAZN
102,102,6.8064994e-12,ENSG00000049246,PER3
345,345,6.446366e-12,ENSG00000175130,MARCKSL1
456,456,5.7586253e-12,ENSG00000177868,SVBP
341,341,4.8012714e-12,ENSG00000160051,IQCC
374,374,4.492073e-12,ENSG00000146463,ZMYM4
383,383,3.8834e-12,ENSG00000126070,AGO3
434,434,3.8644548e-12,ENSG00000049089,COL9A2
483,483,3.8607416e-12,ENSG00000198520,ARMH1
193,193,3.816855e-12,ENSG00000230424,EMC1-AS1
477,477,3.7167643e-12,ENSG00000196517,SLC6A9
307,307,3.3898372e-12,ENSG00000130766,SESN2
15,15,3.0041345e-12,ENSG00000160087,UBE2J2
267,267,2.9494649e-12,ENSG00000158008,EXTL1
480,480,2.9281423e-12,ENSG00000117419,ERI3
448,448,2.8640406e-12,ENSG00000066185,ZMYND12
386,386,2.6057249e-12,ENSG00000054116,TRAPPC3
7,7,2.4579765e-12,ENSG00000188290,HES4
314,314,2.4319782e-12,ENSG00000120656,TAF12
459,459,2.4119478e-12,ENSG00000117394,SLC2A1
300,300,2.4027327e-12,ENSG00000117748,RPA2
169,169,2.2873834e-12,ENSG00000183888,SRARP
467,467,2.235773e-12,ENSG00000142949,PTPRF
402,402,2.1061995e-12,ENSG00000163879,DNALI1
159,159,1.774491e-12,ENSG00000132906,CASP9
104,104,1.7330775e-12,ENSG00000116285,ERRFI1
6,6,1.6834705e-12,ENSG00000187961,KLHL17
311,311,1.6113532e-12,ENSG00000242125,SNHG3
118,118,1.4762711e-12,ENSG00000162444,RBP7
217,217,1.4525883e-12,ENSG00000076864,RAP1GAP
126,126,8.454582e-13,ENSG00000142655,PEX14
349,349,7.9618197e-13,ENSG00000160062,ZBTB8A
72,72,7.7297646e-13,ENSG00000078900,TP73
97,97,6.6157306e-13,ENSG00000237436,CAMTA1-DT
369,369,6.281918e-13,ENSG00000116544,DLGAP3
276,276,6.2561376e-13,ENSG00000198830,HMGN2
271,271,6.1261293e-13,ENSG00000142675,CNKSR1
33,33,5.99363e-13,ENSG00000205090,TMEM240
497,497,5.918234e-13,ENSG00000132763,MMACHC
144,144,5.4959645e-13,ENSG00000116685,KIAA2013
302,302,5.447466e-13,ENSG00000158156,XKR8
253,253,5.4262286e-13,ENSG00000169504,CLIC4
419,419,5.305708e-13,ENSG00000168653,NDUFS5
120,120,5.1934195e-13,ENSG00000054523,KIF1B
10,10,4.750675e-13,ENSG00000131591,C1orf159
222,222,4.722785e-13,ENSG00000184677,ZBTB40
409,409,4.4899466e-13,ENSG00000188786,MTF1
99,99,4.2405651e-13,ENSG00000270171,AL359881.3
340,340,4.1912808e-13,ENSG00000160050,CCDC28B
143,143,3.989193e-13,ENSG00000011021,CLCN6
210,210,3.6931883e-13,ENSG00000244038,DDOST
498,498,3.2652006e-13,ENSG00000117450,PRDX1
315,315,3.1945545e-13,ENSG00000162419,GMEB1
40,40,3.1436662e-13,ENSG00000248333,CDK11B
280,280,3.0746765e-13,ENSG00000204160,ZDHHC18
287,287,2.8263722e-13,ENSG00000142784,WDTC1
257,257,2.8164973e-13,ENSG00000183726,TMEM50A
255,255,2.7508649e-13,ENSG00000117616,RSRP1
123,123,2.664257e-13,ENSG00000175279,CENPS
294,294,2.3816105e-13,ENSG00000000938,FGR
389,389,2.341818e-13,ENSG00000214193,SH3D21
432,432,2.1793032e-13,ENSG00000259943,AL050341.2
488,488,1.9342721e-13,ENSG00000070785,EIF2B3
368,368,1.9225316e-13,ENSG00000187513,GJA4
134,134,1.7113967e-13,ENSG00000171819,ANGPTL7
61,61,1.4502483e-13,ENSG00000149527,PLCH2
224,224,1.3926193e-13,ENSG00000173372,C1QA
201,201,1.3454395e-13,ENSG00000158747,NBL1
296,296,1.2422864e-13,ENSG00000009780,FAM76A
425,425,1.2197254e-13,ENSG00000084072,PPIE
187,187,1.1987351e-13,ENSG00000074964,ARHGEF10L
238,238,1.0753492e-13,ENSG00000236810,ELOA-AS1
96,96,9.6024635e-14,ENSG00000007923,DNAJC11
442,442,9.104081e-14,ENSG00000179862,CITED4
486,486,8.195224e-14,ENSG00000173846,PLK3
359,359,7.430576e-14,ENSG00000116514,RNF19B
264,264,7.20438e-14,ENSG00000182749,PAQR7
461,461,6.98098e-14,ENSG00000179178,TMEM125
69,69,6.9246976e-14,ENSG00000162591,MEGF6
241,241,6.504768e-14,ENSG00000011009,LYPLA2
449,449,6.465692e-14,ENSG00000127125,PPCS
39,39,6.4445147e-14,ENSG00000189409,MMP23B
301,301,6.34821e-14,ENSG00000130768,SMPDL3B
121,121,6.1388286e-14,ENSG00000284642,AL139424.2
36,36,6.0794035e-14,ENSG00000286989,AL691432.4
407,407,5.9546796e-14,ENSG00000196449,YRDC
406,406,5.531296e-14,ENSG00000185090,MANEAL
203,203,4.9510868e-14,ENSG00000127472,PLA2G5
220,220,4.8918555e-14,ENSG00000218510,LINC00339
195,195,4.3454908e-14,ENSG00000053372,MRTO4
470,470,3.95934e-14,ENSG00000117407,ARTN
66,66,3.861931e-14,ENSG00000157870,PRXL2B
63,63,3.8393544e-14,ENSG00000197921,HES5
437,437,3.606423e-14,ENSG00000164002,EXO5
499,499,2.827293e-14,ENSG00000117448,AKR1A1
178,178,2.792622e-14,ENSG00000157191,NECAP2
430,430,2.5677524e-14,ENSG00000131238,PPT1
457,457,2.4435906e-14,ENSG00000164010,ERMAP
136,136,2.3855875e-14,ENSG00000204624,DISP3
279,279,2.3457864e-14,ENSG00000060642,PIGV
161,161,2.2330135e-14,ENSG00000197312,DDI2
414,414,2.2011464e-14,ENSG00000185668,POU3F1
229,229,1.952158e-14,ENSG00000169641,LUZP1
46,46,1.8812182e-14,ENSG00000231050,AL109917.1
130,130,1.7807482e-14,ENSG00000116649,SRM
350,350,1.717252e-14,ENSG00000176261,ZBTB8OS
219,219,1.576804e-14,ENSG00000142798,HSPG2
474,474,1.5519141e-14,ENSG00000117410,ATP6V0B
90,90,1.5385598e-14,ENSG00000171680,PLEKHG5
77,77,1.521871e-14,ENSG00000198912,C1orf174
324,324,1.4965488e-14,ENSG00000134644,PUM1
245,245,1.4441803e-14,ENSG00000189266,PNRC2
455,455,1.31743405e-14,ENSG00000164008,C1orf50
447,447,1.2603383e-14,ENSG00000177181,RIMKLA
76,76,1.2594635e-14,ENSG00000169598,DFFB
284,284,1.2513677e-14,ENSG00000175707,KDF1
427,427,1.243018e-14,ENSG00000043514,TRIT1
43,43,1.2405807e-14,ENSG00000215790,SLC35E2A
191,191,1.2398474e-14,ENSG00000272084,AL137127.1
292,292,1.23596346e-14,ENSG00000158195,WASF2
344,344,1.23203754e-14,ENSG00000116478,HDAC1
450,450,1.2308866e-14,ENSG00000186409,CCDC30
298,298,1.2301825e-14,ENSG00000117751,PPP1R8
132,132,1.2299104e-14,ENSG00000230337,EXOSC10-AS1
493,493,1.2295984e-14,ENSG00000132781,MUTYH
0,0,1.2295256e-14,ENSG00000241860,AL627309.5
400,400,1.2289184e-14,ENSG00000163875,MEAF6
310,310,1.2286864e-14,ENSG00000180198,RCC1
54,54,1.2285856e-14,ENSG00000157933,SKI
454,454,1.2284473e-14,ENSG00000117385,P3H1
336,336,1.2283373e-14,ENSG00000121775,TMEM39B
58,58,1.22832085e-14,ENSG00000272420,AL513477.2
265,265,1.2283161e-14,ENSG00000117632,STMN1
62,62,1.2282341e-14,ENSG00000157881,PANK4
117,117,1.2279812e-14,ENSG00000173614,NMNAT1
421,421,1.22795315e-14,ENSG00000183682,BMP8A
230,230,1.22793435e-14,ENSG00000261326,LINC01355
268,268,1.227932e-14,ENSG00000175087,PDIK1L
172,172,1.2278782e-14,ENSG00000184908,CLCNKB
199,199,1.2274005e-14,ENSG00000077549,CAPZB
249,249,1.2273794e-14,ENSG00000001460,STPG1
411,411,1.2273279e-14,ENSG00000183431,SF3A3
244,244,1.2273139e-14,ENSG00000179163,FUCA1
231,231,1.2272693e-14,ENSG00000125944,HNRNPR
295,295,1.2272459e-14,ENSG00000126709,IFI6
22,22,1.2271476e-14,ENSG00000162576,MXRA8
328,328,1.22709375e-14,ENSG00000121769,FABP3
234,234,1.2270868e-14,ENSG00000204219,TCEA3
436,436,1.2270704e-14,ENSG00000187815,ZFP69
323,323,1.226951e-14,ENSG00000162512,SDC3
465,465,1.2269417e-14,ENSG00000198198,SZT2
305,305,1.22682465e-14,ENSG00000130770,ATP5IF1
114,114,1.2267872e-14,ENSG00000171603,CLSTN1
4,4,1.2267123e-14,ENSG00000187634,SAMD11
196,196,1.2266609e-14,ENSG00000162482,AKR7A3
471,471,1.2266071e-14,ENSG00000237950,AL357079.1
358,358,1.2266e-14,ENSG00000121900,TMEM54
24,24,1.2265603e-14,ENSG00000221978,CCNL2
11,11,1.22654386e-14,ENSG00000186891,TNFRSF18
175,175,1.2265345e-14,ENSG00000288398,AL109627.1
297,297,1.2264597e-14,ENSG00000117758,STX12
122,122,1.226441e-14,ENSG00000142657,PGD
1,1,1.2262656e-14,ENSG00000237491,LINC01409
28,28,1.2260878e-14,ENSG00000235098,ANKRD65
269,269,1.2260808e-14,ENSG00000197245,FAM110D
278,278,1.22603394e-14,ENSG00000117713,ARID1A
111,111,1.22598016e-14,ENSG00000171612,SLC25A33
236,236,1.2259032e-14,ENSG00000117318,ID3
64,64,1.225875e-14,ENSG00000272449,AL139246.5
98,98,1.2258517e-14,ENSG00000171735,CAMTA1
413,413,1.2258025e-14,ENSG00000183520,UTP11
70,70,1.2257441e-14,ENSG00000158109,TPRG1L
438,438,1.2257324e-14,ENSG00000117010,ZNF684
145,145,1.2256787e-14,ENSG00000083444,PLOD1
180,180,1.2256599e-14,ENSG00000219481,NBPF1
82,82,1.2256179e-14,ENSG00000116251,RPL22
137,137,1.22556875e-14,ENSG00000116661,FBXO2
435,435,1.2255033e-14,ENSG00000084070,SMAP2
252,252,1.22549625e-14,ENSG00000133226,SRRM1
160,160,1.2254869e-14,ENSG00000116138,DNAJC16
186,186,1.22548e-14,ENSG00000179051,RCC2
479,479,1.22543314e-14,ENSG00000178028,DMAP1
334,334,1.2254238e-14,ENSG00000184007,PTP4A2
194,194,1.22531405e-14,ENSG00000127463,EMC1
124,124,1.225148e-14,ENSG00000241563,CORT
495,495,1.2250873e-14,ENSG00000070759,TESK2
202,202,1.22507095e-14,ENSG00000169914,OTUD3
363,363,1.2250218e-14,ENSG00000160094,ZNF362
428,428,1.2249985e-14,ENSG00000168389,MFSD2A
331,331,1.22497515e-14,ENSG00000162517,PEF1
403,403,1.2249377e-14,ENSG00000134697,GNL2
131,131,1.2247018e-14,ENSG00000171824,EXOSC10
179,179,1.2246995e-14,ENSG00000261135,AL137802.2
157,157,1.22464345e-14,ENSG00000171729,TMEM51
392,392,1.2246294e-14,ENSG00000196182,STK40
281,281,1.2246224e-14,ENSG00000142751,GPN2
89,89,1.2246085e-14,ENSG00000215788,TNFRSF25
410,410,1.2245851e-14,ENSG00000204084,INPP5B
2,2,1.2245687e-14,ENSG00000228794,LINC01128
418,418,1.2245664e-14,ENSG00000174574,AKIRIN1
103,103,1.2245314e-14,ENSG00000116288,PARK7
17,17,1.22443085e-14,ENSG00000131584,ACAP3
146,146,1.2244285e-14,ENSG00000116688,MFN2
25,25,1.2243725e-14,ENSG00000224870,MRPL20-AS1
277,277,1.2243188e-14,ENSG00000117676,RPS6KA1
316,316,1.2243095e-14,ENSG00000198492,YTHDF2
362,362,1.2242884e-14,ENSG00000116525,TRIM62
433,433,1.224202e-14,ENSG00000084073,ZMPSTE24
472,472,1.2240994e-14,ENSG00000117408,IPO13
283,283,1.22405265e-14,ENSG00000090273,NUDC
110,110,1.2240363e-14,ENSG00000171621,SPSB1
53,53,1.224027e-14,ENSG00000162585,FAAP20
445,445,1.2239383e-14,ENSG00000127124,HIVEP3
150,150,1.2237048e-14,ENSG00000162496,DHRS3
112,112,1.2236909e-14,ENSG00000188807,TMEM201
380,380,1.2236721e-14,ENSG00000142686,C1orf216
149,149,1.2235344e-14,ENSG00000048707,VPS13D
453,453,1.2234807e-14,ENSG00000065978,YBX1
9,9,1.2234294e-14,ENSG00000188157,AGRN
138,138,1.22331285e-14,ENSG00000132879,FBXO44
208,208,1.2232427e-14,ENSG00000183114,FAM43B
391,391,1.2231775e-14,ENSG00000286379,AL591845.1
174,174,1.2229209e-14,ENSG00000142627,EPHA2
151,151,1.2226712e-14,ENSG00000162494,LRRC38
289,289,1.222564e-14,ENSG00000142765,SYTL1
452,452,1.2225523e-14,ENSG00000234917,AC098484.2
227,227,1.222487e-14,ENSG00000133216,EPHB2
214,214,1.2223284e-14,ENSG00000117298,ECE1
68,68,1.2222562e-14,ENSG00000130762,ARHGEF16
365,365,1.2222165e-14,ENSG00000121904,CSMD2
55,55,1.2219952e-14,ENSG00000287356,AL590822.3
412,412,1.2214824e-14,ENSG00000183386,FHL3
19,19,1.2212565e-14,ENSG00000127054,INTS11
397,397,1.2212006e-14,ENSG00000163873,GRIK3
50,50,1.221189e-14,ENSG00000187730,GABRD
313,313,1.22097e-14,ENSG00000197989,SNHG12
496,496,1.2201994e-14,ENSG00000280670,CCDC163
71,71,1.2183506e-14,ENSG00000116213,WRAP73
8,8,1.21798815e-14,ENSG00000187608,ISG15
343,343,1.21635846e-14,ENSG00000084623,EIF3I
153,153,1.2122843e-14,ENSG00000162493,PDPN
360,360,1.2080211e-14,ENSG00000004455,AK2
266,266,1.206078e-14,ENSG00000158006,PAFAH2
439,439,1.1975896e-14,ENSG00000117016,RIMS3
26,26,1.19653475e-14,ENSG00000242485,MRPL20
197,197,1.1658336e-14,ENSG00000053371,AKR7A2
139,139,1.0262535e-14,ENSG00000116663,FBXO6
308,308,9.515728e-15,ENSG00000130772,MED18
491,491,8.730291e-15,ENSG00000162415,ZSWIM5
492,492,8.704785e-15,ENSG00000186603,HPDL
51,51,8.183442e-15,ENSG00000067606,PRKCZ
270,270,7.9285486e-15,ENSG00000142684,ZNF593
192,192,7.163175e-15,ENSG00000127481,UBR4
353,353,6.8296237e-15,ENSG00000162522,KIAA1522
173,173,5.851901e-15,ENSG00000185519,FAM131C
85,85,5.696533e-15,ENSG00000116237,ICMT
312,312,5.5263055e-15,ENSG00000180098,TRNAU1AP
272,272,5.4015435e-15,ENSG00000130695,CEP85
165,165,4.4351276e-15,ENSG00000233954,UQCRHL
91,91,3.861988e-15,ENSG00000162408,NOL9
148,148,3.4113405e-15,ENSG00000028137,TNFRSF1B
34,34,2.8031713e-15,ENSG00000160075,SSU72
116,116,2.7919548e-15,ENSG00000162441,LZIC
223,223,2.7110668e-15,ENSG00000070886,EPHA8
393,393,2.7076458e-15,ENSG00000181817,LSM10
83,83,2.6040366e-15,ENSG00000226944,AL031847.1
282,282,2.6002546e-15,ENSG00000198746,GPATCH3
489,489,2.4714128e-15,ENSG00000126107,HECTD3
75,75,2.392426e-15,ENSG00000116198,CEP104
81,81,2.1898093e-15,ENSG00000116254,CHD5
60,60,2.1755798e-15,ENSG00000157911,PEX10
128,128,2.1623498e-15,ENSG00000120948,TARDBP
348,348,2.034426e-15,ENSG00000273274,ZBTB8B
420,420,1.6448785e-15,ENSG00000127603,MACF1
398,398,1.5164086e-15,ENSG00000233621,LINC01137
415,415,1.4735429e-15,ENSG00000116954,RRAGC
59,59,1.4171249e-15,ENSG00000157916,RER1
366,366,1.3618794e-15,ENSG00000163866,SMIM12
485,485,1.330428e-15,ENSG00000142959,BEST4
490,490,1.2180641e-15,ENSG00000126088,UROD
387,387,1.2004981e-15,ENSG00000116871,MAP7D1
285,285,1.1867517e-15,ENSG00000253368,TRNP1
87,87,1.0530856e-15,ENSG00000097021,ACOT7
256,256,1.0052754e-15,ENSG00000272432,AL031432.3
79,79,9.955516e-16,ENSG00000131697,NPHP4
243,243,9.737443e-16,ENSG00000117305,HMGCL
237,237,9.205521e-16,ENSG00000142676,RPL11
41,41,9.025507e-16,ENSG00000189339,SLC35E2B
188,188,8.785946e-16,ENSG00000117154,IGSF21
177,177,8.630616e-16,ENSG00000055070,SZRD1
259,259,8.084674e-16,ENSG00000157978,LDLRAP1
133,133,7.748662e-16,ENSG00000198793,MTOR
212,212,7.6947e-16,ENSG00000127483,HP1BP3
31,31,7.633974e-16,ENSG00000160072,ATAD3B
105,105,7.0043664e-16,ENSG00000162426,SLC45A1
482,482,6.7210693000000005e-16,ENSG00000126106,TMEM53
233,233,6.625937e-16,ENSG00000249087,ZNF436-AS1
484,484,6.4056856e-16,ENSG00000142937,RPS8
321,321,5.9813105e-16,ENSG00000060656,PTPRU
37,37,5.207904e-16,ENSG00000272106,AL691432.2
49,49,5.1030066e-16,ENSG00000233542,AL391845.2
170,170,4.90452e-16,ENSG00000173641,HSPB7
326,326,4.3835048000000003e-16,ENSG00000060688,SNRNP40
373,373,4.305531e-16,ENSG00000116560,SFPQ
30,30,4.219195e-16,ENSG00000215915,ATAD3C
458,458,4.051961e-16,ENSG00000164011,ZNF691
205,205,4.0408938000000004e-16,ENSG00000162543,UBXN10
242,242,4.0373037000000004e-16,ENSG00000117308,GALE
299,299,3.7364744000000003e-16,ENSG00000130775,THEMIS2
167,167,3.6664554e-16,ENSG00000065526,SPEN
154,154,3.3680214000000003e-16,ENSG00000116731,PRDM2
225,225,3.0059857e-16,ENSG00000159189,C1QC
441,441,2.7093492e-16,ENSG00000117013,KCNQ4
322,322,2.2956523e-16,ENSG00000162511,LAPTM5
12,12,2.2229781000000003e-16,ENSG00000078808,SDF4
129,129,2.1445883000000003e-16,ENSG00000271895,AL109811.2
416,416,2.0739412000000003e-16,ENSG00000228436,AL139260.1
106,106,2.0379049000000001e-16,ENSG00000142599,RERE
306,306,1.8909832000000001e-16,ENSG00000270605,AL353622.1
356,356,1.7152109000000003e-16,ENSG00000160097,FNDC5
399,399,1.5646988e-16,ENSG00000163874,ZC3H12A
183,183,1.5078419000000002e-16,ENSG00000159363,ATP13A2
32,32,1.4012714000000002e-16,ENSG00000197785,ATAD3A
204,204,1.368435e-16,ENSG00000225986,UBXN10-AS1
446,446,1.2543964000000001e-16,ENSG00000198815,FOXJ3
325,325,1.14286e-16,ENSG00000084628,NKAIN1
384,384,1.009737e-16,ENSG00000116863,ADPRHL2
338,338,1.0037497000000001e-16,ENSG00000250135,AL049795.2
18,18,9.868884000000001e-17,ENSG00000169972,PUSL1
184,184,9.141512e-17,ENSG00000117118,SDHB
443,443,8.368172000000001e-17,ENSG00000171793,CTPS1
481,481,7.812799e-17,ENSG00000187147,RNF220
158,158,6.58353e-17,ENSG00000142634,EFHD2
396,396,5.6216405e-17,ENSG00000119535,CSF3R
262,262,4.3458074e-17,ENSG00000162430,SELENON
330,330,4.177091e-17,ENSG00000142910,TINAGL1
390,390,4.1331062e-17,ENSG00000142694,EVA1B
67,67,4.0869025e-17,ENSG00000177133,PRDM16-DT
164,164,3.9773633e-17,ENSG00000162458,FBLIM1
426,426,3.5859087e-17,ENSG00000198754,OXCT2
395,395,3.466022e-17,ENSG00000116898,MRPS15
335,335,2.6724358e-17,ENSG00000121774,KHDRBS1
221,221,2.0299047e-17,ENSG00000070831,CDC42
56,56,1.7716695000000002e-17,ENSG00000116151,MORN1
216,216,1.6162710000000002e-17,ENSG00000162551,ALPL
422,422,1.5709240000000002e-17,ENSG00000090621,PABPC4
29,29,1.5577479e-17,ENSG00000179403,VWA1
65,65,1.27479625e-17,ENSG00000157873,TNFRSF14
327,327,1.1621818e-17,ENSG00000121766,ZCCHC17
240,240,1.0041475e-17,ENSG00000057757,PITHD1
84,84,9.230302e-18,ENSG00000158286,RNF207
381,381,8.975165e-18,ENSG00000134698,AGO4
275,275,8.803585e-18,ENSG00000117682,DHDDS
93,93,7.860057e-18,ENSG00000162413,KLHL21
52,52,7.774561e-18,ENSG00000182873,PRKCZ-AS1
232,232,6.553609e-18,ENSG00000125945,ZNF436
228,228,6.056544e-18,ENSG00000004487,KDM1A
424,424,4.8068276e-18,ENSG00000116983,HPCAL4
385,385,3.9897306999999995e-18,ENSG00000171812,COL8A2
20,20,3.1850673999999998e-18,ENSG00000224051,CPTP
464,464,2.9417195999999997e-18,ENSG00000159479,MED8
107,107,2.7773340000000002e-18,ENSG00000074800,ENO1
351,351,2.6944633e-18,ENSG00000162521,RBBP4
198,198,2.6122806e-18,ENSG00000040487,SLC66A1
404,404,2.5664006e-18,ENSG00000116922,C1orf109
371,371,2.53624e-18,ENSG00000163867,ZMYM6
142,142,1.935581e-18,ENSG00000177000,MTHFR
147,147,1.7024716999999999e-18,ENSG00000116691,MIIP
473,473,1.6970574e-18,ENSG00000132768,DPH2
352,352,1.6697976999999999e-18,ENSG00000162520,SYNC
379,379,1.396233e-18,ENSG00000126067,PSMB2
347,347,1.3024256999999998e-18,ENSG00000160058,BSDC1
239,239,1.192991e-18,ENSG00000011007,ELOA
181,181,9.507037e-19,ENSG00000058453,CROCC
444,444,9.428915e-19,ENSG00000010803,SCMH1
339,339,7.914631999999999e-19,ENSG00000084652,TXLNA
168,168,6.74685e-19,ENSG00000116809,ZBTB17
218,218,6.671502999999999e-19,ENSG00000090686,USP48
80,80,5.9660334e-19,ENSG00000069424,KCNAB2
364,364,5.7827426e-19,ENSG00000134686,PHC2
42,42,5.7103809999999995e-19,ENSG00000008128,CDK11A
119,119,5.617154999999999e-19,ENSG00000130939,UBE4B
478,478,5.2077574999999995e-19,ENSG00000230615,AL139220.2
206,206,4.51012e-19,ENSG00000162545,CAMK2N1
226,226,2.9623707999999997e-19,ENSG00000173369,C1QB
494,494,2.8278573e-19,ENSG00000132773,TOE1
48,48,1.780686e-19,ENSG00000142609,CFAP74
375,375,1.7637714e-19,ENSG00000142687,KIAA0319L
319,319,1.7034906999999999e-19,ENSG00000116350,SRSF4
354,354,1.7006597999999999e-19,ENSG00000134684,YARS
27,27,1.6043644999999999e-19,ENSG00000272455,AL391244.2
251,251,1.6007454e-19,ENSG00000117602,RCAN3
200,200,1.5027233e-19,ENSG00000173436,MICOS10
463,463,1.4902500000000001e-19,ENSG00000066322,ELOVL1
57,57,1.3339775e-19,ENSG00000272161,AL589739.1
290,290,1.2282192e-19,ENSG00000142733,MAP3K6
247,247,7.8499505e-20,ENSG00000185436,IFNLR1
95,95,4.8013069999999995e-20,ENSG00000041988,THAP3
14,14,4.777683e-20,ENSG00000184163,C1QTNF12
88,88,4.482144e-20,ENSG00000187017,ESPN
429,429,4.1898356e-20,ENSG00000131236,CAP1
405,405,3.2320515e-20,ENSG00000183317,EPHA10
163,163,1.5104467e-20,ENSG00000162461,SLC25A34
417,417,8.819336e-21,ENSG00000214114,MYCBP
235,235,8.178361e-21,ENSG00000088280,ASAP3
382,382,8.095794e-21,ENSG00000092847,AGO1
337,337,6.595079e-21,ENSG00000025800,KPNA6
127,127,3.8181623e-21,ENSG00000175262,C1orf127
346,346,2.960007e-21,ENSG00000225828,FAM229A
332,332,2.1981889e-21,ENSG00000084636,COL16A1
213,213,1.7013524e-21,ENSG00000075151,EIF4G3
357,357,5.844407000000001e-22,ENSG00000121905,HPCA
101,101,5.394975600000001e-22,ENSG00000049245,VAMP3
171,171,5.2780484e-22,ENSG00000186510,CLCNKA
423,423,3.1040478e-22,ENSG00000163909,HEYL
273,273,2.3619576e-22,ENSG00000142669,SH3BGRL3
258,258,6.846864000000001e-23,ENSG00000204178,MACO1
109,109,6.564101e-23,ENSG00000049239,H6PD
274,274,2.7666785e-23,ENSG00000158062,UBXN11
35,35,2.5899485e-23,ENSG00000228594,FNDC10
141,141,4.7051818e-24,ENSG00000177674,AGTRAP
