Rank,Biomarker_Name,Original_Index,Attention_Score,Ensembl ID,Gene Name
1,369,369,0.91460013,ENSG00000116544,DLGAP3
2,76,76,0.04010945,ENSG00000169598,DFFB
3,220,220,0.031198688,ENSG00000218510,LINC00339
4,435,435,0.006817939,ENSG00000084070,SMAP2
5,330,330,0.0048988685,ENSG00000142910,TINAGL1
6,169,169,0.0012721315,ENSG00000183888,SRARP
7,289,289,0.000371498,ENSG00000142765,SYTL1
8,490,490,0.00015949189,ENSG00000126088,UROD
9,375,375,0.00010870055,ENSG00000142687,KIAA0319L
10,323,323,9.806164e-05,ENSG00000162512,SDC3
11,261,261,8.009346e-05,ENSG00000117643,MAN1C1
12,250,250,6.787726e-05,ENSG00000001461,NIPAL3
13,383,383,4.5156106e-05,ENSG00000126070,AGO3
14,286,286,4.408576e-05,ENSG00000090020,SLC9A1
15,319,319,3.2069125e-05,ENSG00000116350,SRSF4
16,476,476,2.4076871e-05,ENSG00000159214,CCDC24
17,36,36,2.0031195e-05,ENSG00000286989,AL691432.4
18,388,388,1.5563559e-05,ENSG00000054118,THRAP3
19,397,397,9.725014e-06,ENSG00000163873,GRIK3
20,318,318,7.686702e-06,ENSG00000253304,TMEM200B
21,495,495,3.8982516e-06,ENSG00000070759,TESK2
22,402,402,3.6124347e-06,ENSG00000163879,DNALI1
23,236,236,3.315962e-06,ENSG00000117318,ID3
24,304,304,1.7144843e-06,ENSG00000126698,DNAJC8
25,175,175,1.0034929e-06,ENSG00000288398,AL109627.1
26,401,401,8.3956513e-07,ENSG00000163877,SNIP1
27,337,337,5.829568e-07,ENSG00000025800,KPNA6
28,464,464,5.568637e-07,ENSG00000159479,MED8
29,44,44,5.551272e-07,ENSG00000008130,NADK
30,344,344,4.6674984e-07,ENSG00000116478,HDAC1
31,134,134,3.133757e-07,ENSG00000171819,ANGPTL7
32,445,445,2.3644351e-07,ENSG00000127124,HIVEP3
33,473,473,2.1871935e-07,ENSG00000132768,DPH2
34,360,360,2.0448375e-07,ENSG00000004455,AK2
35,275,275,1.2884273e-07,ENSG00000117682,DHDDS
36,112,112,1.255336e-07,ENSG00000188807,TMEM201
37,119,119,1.0720586e-07,ENSG00000130939,UBE4B
38,379,379,9.8174525e-08,ENSG00000126067,PSMB2
39,99,99,7.948656e-08,ENSG00000270171,AL359881.3
40,126,126,6.689777e-08,ENSG00000142655,PEX14
41,406,406,6.479479e-08,ENSG00000185090,MANEAL
42,392,392,6.0870924e-08,ENSG00000196182,STK40
43,415,415,5.633765e-08,ENSG00000116954,RRAGC
44,350,350,4.155679e-08,ENSG00000176261,ZBTB8OS
45,41,41,3.9578808e-08,ENSG00000189339,SLC35E2B
46,65,65,3.1882145e-08,ENSG00000157873,TNFRSF14
47,263,263,2.9555874e-08,ENSG00000117640,MTFR1L
48,279,279,2.937104e-08,ENSG00000060642,PIGV
49,231,231,2.8555597e-08,ENSG00000125944,HNRNPR
50,352,352,2.0854097e-08,ENSG00000162520,SYNC
51,269,269,1.4561255e-08,ENSG00000197245,FAM110D
52,338,338,1.3275635e-08,ENSG00000250135,AL049795.2
53,144,144,1.2990955e-08,ENSG00000116685,KIAA2013
54,179,179,1.2417212e-08,ENSG00000261135,AL137802.2
55,298,298,1.038776e-08,ENSG00000117751,PPP1R8
56,137,137,1.0180977e-08,ENSG00000116661,FBXO2
57,331,331,1.0047291e-08,ENSG00000162517,PEF1
58,92,92,9.577797e-09,ENSG00000204859,ZBTB48
59,290,290,9.375631e-09,ENSG00000142733,MAP3K6
60,172,172,7.9005416e-09,ENSG00000184908,CLCNKB
61,210,210,6.496627e-09,ENSG00000244038,DDOST
62,457,457,6.4905703e-09,ENSG00000164010,ERMAP
63,300,300,6.212927e-09,ENSG00000117748,RPA2
64,216,216,5.002464e-09,ENSG00000162551,ALPL
65,233,233,4.282557e-09,ENSG00000249087,ZNF436-AS1
66,174,174,3.721673e-09,ENSG00000142627,EPHA2
67,320,320,3.6811285e-09,ENSG00000116353,MECR
68,197,197,3.410226e-09,ENSG00000053371,AKR7A2
69,242,242,2.9207623e-09,ENSG00000117308,GALE
70,147,147,2.6695586e-09,ENSG00000116691,MIIP
71,301,301,2.4141016e-09,ENSG00000130768,SMPDL3B
72,421,421,2.2427389e-09,ENSG00000183682,BMP8A
73,173,173,2.223334e-09,ENSG00000185519,FAM131C
74,310,310,2.123265e-09,ENSG00000180198,RCC1
75,66,66,2.0957602e-09,ENSG00000157870,PRXL2B
76,151,151,1.9955058e-09,ENSG00000162494,LRRC38
77,487,487,1.70684e-09,ENSG00000117425,PTCH2
78,436,436,1.6429994e-09,ENSG00000187815,ZFP69
79,420,420,1.4862356e-09,ENSG00000127603,MACF1
80,221,221,1.300131e-09,ENSG00000070831,CDC42
81,456,456,1.193477e-09,ENSG00000177868,SVBP
82,104,104,1.1902012e-09,ENSG00000116285,ERRFI1
83,372,372,8.423611e-10,ENSG00000197056,ZMYM1
84,482,482,7.7446544e-10,ENSG00000126106,TMEM53
85,107,107,7.6570694e-10,ENSG00000074800,ENO1
86,83,83,7.512764e-10,ENSG00000226944,AL031847.1
87,8,8,7.333443e-10,ENSG00000187608,ISG15
88,196,196,6.569544e-10,ENSG00000162482,AKR7A3
89,480,480,6.392488e-10,ENSG00000117419,ERI3
90,266,266,6.338823e-10,ENSG00000158006,PAFAH2
91,257,257,5.7765853e-10,ENSG00000183726,TMEM50A
92,156,156,5.657158e-10,ENSG00000175147,TMEM51-AS1
93,273,273,4.961857e-10,ENSG00000142669,SH3BGRL3
94,389,389,4.689761e-10,ENSG00000214193,SH3D21
95,313,313,4.673901e-10,ENSG00000197989,SNHG12
96,95,95,4.11821e-10,ENSG00000041988,THAP3
97,317,317,3.7848746e-10,ENSG00000159023,EPB41
98,116,116,3.548359e-10,ENSG00000162441,LZIC
99,381,381,3.4977074e-10,ENSG00000134698,AGO4
100,291,291,3.2734437e-10,ENSG00000181773,GPR3
101,145,145,3.1819786e-10,ENSG00000083444,PLOD1
102,363,363,3.1360065e-10,ENSG00000160094,ZNF362
103,342,342,3.0013608e-10,ENSG00000160055,TMEM234
104,184,184,2.6778443e-10,ENSG00000117118,SDHB
105,380,380,2.532587e-10,ENSG00000142686,C1orf216
106,0,0,2.4461516e-10,ENSG00000241860,AL627309.5
107,305,305,2.3532307e-10,ENSG00000130770,ATP5IF1
108,202,202,2.0519177e-10,ENSG00000169914,OTUD3
109,438,438,1.7954004e-10,ENSG00000117010,ZNF684
110,451,451,1.7915827e-10,ENSG00000171960,PPIH
111,486,486,1.6680574e-10,ENSG00000173846,PLK3
112,59,59,1.5861103e-10,ENSG00000157916,RER1
113,443,443,1.3880687e-10,ENSG00000171793,CTPS1
114,35,35,1.3113174e-10,ENSG00000228594,FNDC10
115,21,21,1.3094605e-10,ENSG00000107404,DVL1
116,469,469,1.2216414e-10,ENSG00000126091,ST3GAL3
117,479,479,9.4475885e-11,ENSG00000178028,DMAP1
118,29,29,7.862035e-11,ENSG00000179403,VWA1
119,449,449,7.5688684e-11,ENSG00000127125,PPCS
120,13,13,6.092147e-11,ENSG00000176022,B3GALT6
121,168,168,5.856247e-11,ENSG00000116809,ZBTB17
122,349,349,4.8775258e-11,ENSG00000160062,ZBTB8A
123,478,478,4.8222093e-11,ENSG00000230615,AL139220.2
124,211,211,4.8045637e-11,ENSG00000189410,SH2D5
125,462,462,4.4640014e-11,ENSG00000066056,TIE1
126,481,481,4.4555973e-11,ENSG00000187147,RNF220
127,111,111,4.0288533e-11,ENSG00000171612,SLC25A33
128,218,218,3.7089137e-11,ENSG00000090686,USP48
129,85,85,3.669684e-11,ENSG00000116237,ICMT
130,87,87,3.624794e-11,ENSG00000097021,ACOT7
131,90,90,3.4926985e-11,ENSG00000171680,PLEKHG5
132,166,166,3.4737574e-11,ENSG00000179743,AL450998.2
133,393,393,3.251625e-11,ENSG00000181817,LSM10
134,28,28,3.0329066e-11,ENSG00000235098,ANKRD65
135,484,484,2.7763175e-11,ENSG00000142937,RPS8
136,124,124,2.656269e-11,ENSG00000241563,CORT
137,280,280,2.5883897e-11,ENSG00000204160,ZDHHC18
138,1,1,2.3044283e-11,ENSG00000237491,LINC01409
139,64,64,2.2612278e-11,ENSG00000272449,AL139246.5
140,75,75,2.1320815e-11,ENSG00000116198,CEP104
141,467,467,1.8427851e-11,ENSG00000142949,PTPRF
142,312,312,1.7678609e-11,ENSG00000180098,TRNAU1AP
143,399,399,1.6011066e-11,ENSG00000163874,ZC3H12A
144,39,39,1.5822177e-11,ENSG00000189409,MMP23B
145,377,377,1.5749615e-11,ENSG00000239636,AC004865.2
146,141,141,1.5689618e-11,ENSG00000177674,AGTRAP
147,463,463,1.3747358e-11,ENSG00000066322,ELOVL1
148,426,426,1.2862873e-11,ENSG00000198754,OXCT2
149,364,364,1.0836481e-11,ENSG00000134686,PHC2
150,148,148,1.0445381e-11,ENSG00000028137,TNFRSF1B
151,477,477,8.488261e-12,ENSG00000196517,SLC6A9
152,53,53,8.070488e-12,ENSG00000162585,FAAP20
153,47,47,7.9137565e-12,ENSG00000178821,TMEM52
154,237,237,7.568634e-12,ENSG00000142676,RPL11
155,419,419,7.327339e-12,ENSG00000168653,NDUFS5
156,9,9,6.909231e-12,ENSG00000188157,AGRN
157,43,43,6.5759433e-12,ENSG00000215790,SLC35E2A
158,254,254,6.5013403e-12,ENSG00000117614,SYF2
159,183,183,5.4901006e-12,ENSG00000159363,ATP13A2
160,460,460,5.1496485e-12,ENSG00000117395,EBNA1BP2
161,138,138,4.492768e-12,ENSG00000132879,FBXO44
162,272,272,4.1037703e-12,ENSG00000130695,CEP85
163,497,497,3.0857177e-12,ENSG00000132763,MMACHC
164,366,366,2.903478e-12,ENSG00000163866,SMIM12
165,164,164,2.8909342e-12,ENSG00000162458,FBLIM1
166,49,49,2.765935e-12,ENSG00000233542,AL391845.2
167,108,108,2.7462223e-12,ENSG00000142583,SLC2A5
168,188,188,2.7415327e-12,ENSG00000117154,IGSF21
169,475,475,2.734415e-12,ENSG00000117411,B4GALT2
170,62,62,2.7140879e-12,ENSG00000157881,PANK4
171,429,429,2.711661e-12,ENSG00000131236,CAP1
172,417,417,2.708818e-12,ENSG00000214114,MYCBP
173,88,88,2.7080484e-12,ENSG00000187017,ESPN
174,382,382,2.7079192e-12,ENSG00000092847,AGO1
175,149,149,2.7062254e-12,ENSG00000048707,VPS13D
176,230,230,2.706205e-12,ENSG00000261326,LINC01355
177,113,113,2.7057816e-12,ENSG00000171608,PIK3CD
178,58,58,2.7055133e-12,ENSG00000272420,AL513477.2
179,398,398,2.7053895e-12,ENSG00000233621,LINC01137
180,80,80,2.7048995e-12,ENSG00000069424,KCNAB2
181,391,391,2.7046414e-12,ENSG00000286379,AL591845.1
182,187,187,2.7044866e-12,ENSG00000074964,ARHGEF10L
183,455,455,2.7043422e-12,ENSG00000164008,C1orf50
184,308,308,2.7039863e-12,ENSG00000130772,MED18
185,208,208,2.7035893e-12,ENSG00000183114,FAM43B
186,328,328,2.7035583e-12,ENSG00000121769,FABP3
187,146,146,2.7032799e-12,ENSG00000116688,MFN2
188,403,403,2.7031253e-12,ENSG00000134697,GNL2
189,396,396,2.7030995e-12,ENSG00000119535,CSF3R
190,199,199,2.7030528e-12,ENSG00000077549,CAPZB
191,160,160,2.7030427e-12,ENSG00000116138,DNAJC16
192,355,355,2.7029756e-12,ENSG00000116497,S100PBP
193,483,483,2.7029449e-12,ENSG00000198520,ARMH1
194,198,198,2.702687e-12,ENSG00000040487,SLC66A1
195,385,385,2.7024858e-12,ENSG00000171812,COL8A2
196,27,27,2.7022282e-12,ENSG00000272455,AL391244.2
197,159,159,2.7019394e-12,ENSG00000132906,CASP9
198,365,365,2.701852e-12,ENSG00000121904,CSMD2
199,343,343,2.7016356e-12,ENSG00000084623,EIF3I
200,332,332,2.7015684e-12,ENSG00000084636,COL16A1
201,91,91,2.7015172e-12,ENSG00000162408,NOL9
202,359,359,2.7014554e-12,ENSG00000116514,RNF19B
203,493,493,2.7013777e-12,ENSG00000132781,MUTYH
204,52,52,2.7013008e-12,ENSG00000182873,PRKCZ-AS1
205,404,404,2.7011924e-12,ENSG00000116922,C1orf109
206,354,354,2.700966e-12,ENSG00000134684,YARS
207,167,167,2.7009092e-12,ENSG00000065526,SPEN
208,430,430,2.700837e-12,ENSG00000131238,PPT1
209,232,232,2.7007595e-12,ENSG00000125945,ZNF436
210,448,448,2.700595e-12,ENSG00000066185,ZMYND12
211,125,125,2.7003681e-12,ENSG00000160049,DFFA
212,470,470,2.7003681e-12,ENSG00000117407,ARTN
213,474,474,2.7002756e-12,ENSG00000117410,ATP6V0B
214,327,327,2.700116e-12,ENSG00000121766,ZCCHC17
215,133,133,2.7000797e-12,ENSG00000198793,MTOR
216,341,341,2.69991e-12,ENSG00000160051,IQCC
217,214,214,2.6998377e-12,ENSG00000117298,ECE1
218,15,15,2.6997144e-12,ENSG00000160087,UBE2J2
219,207,207,2.6993175e-12,ENSG00000090432,MUL1
220,329,329,2.6992818e-12,ENSG00000168528,SERINC2
221,410,410,2.6992664e-12,ENSG00000204084,INPP5B
222,31,31,2.6992252e-12,ENSG00000160072,ATAD3B
223,115,115,2.6991942e-12,ENSG00000178585,CTNNBIP1
224,333,333,2.699014e-12,ENSG00000121753,ADGRB2
225,102,102,2.6989624e-12,ENSG00000049246,PER3
226,371,371,2.6988802e-12,ENSG00000163867,ZMYM6
227,7,7,2.6988134e-12,ENSG00000188290,HES4
228,42,42,2.6987822e-12,ENSG00000008128,CDK11A
229,209,209,2.6984118e-12,ENSG00000158828,PINK1
230,400,400,2.6983498e-12,ENSG00000163875,MEAF6
231,101,101,2.6982316e-12,ENSG00000049245,VAMP3
232,409,409,2.6981442e-12,ENSG00000188786,MTF1
233,325,325,2.6979178e-12,ENSG00000084628,NKAIN1
234,34,34,2.6978766e-12,ENSG00000160075,SSU72
235,142,142,2.6978404e-12,ENSG00000177000,MTHFR
236,370,370,2.6977942e-12,ENSG00000243749,TMEM35B
237,274,274,2.6973775e-12,ENSG00000158062,UBXN11
238,346,346,2.6973723e-12,ENSG00000225828,FAM229A
239,284,284,2.6972643e-12,ENSG00000175707,KDF1
240,150,150,2.6971717e-12,ENSG00000162496,DHRS3
241,2,2,2.697156e-12,ENSG00000228794,LINC01128
242,23,23,2.6971253e-12,ENSG00000175756,AURKAIP1
243,154,154,2.6970327e-12,ENSG00000116731,PRDM2
244,316,316,2.6970021e-12,ENSG00000198492,YTHDF2
245,105,105,2.6969657e-12,ENSG00000162426,SLC45A1
246,176,176,2.6968733e-12,ENSG00000037637,FBXO42
247,485,485,2.6967703e-12,ENSG00000142959,BEST4
248,357,357,2.6967035e-12,ENSG00000121905,HPCA
249,488,488,2.6966933e-12,ENSG00000070785,EIF2B3
250,423,423,2.696575e-12,ENSG00000163909,HEYL
251,110,110,2.696575e-12,ENSG00000171621,SPSB1
252,190,190,2.6963178e-12,ENSG00000169991,IFFO2
253,227,227,2.6963024e-12,ENSG00000133216,EPHB2
254,219,219,2.6961944e-12,ENSG00000142798,HSPG2
255,226,226,2.696076e-12,ENSG00000173369,C1QB
256,439,439,2.6960554e-12,ENSG00000117016,RIMS3
257,54,54,2.6959114e-12,ENSG00000157933,SKI
258,356,356,2.6958756e-12,ENSG00000160097,FNDC5
259,139,139,2.6958704e-12,ENSG00000116663,FBXO6
260,309,309,2.6957932e-12,ENSG00000204138,PHACTR4
261,326,326,2.695788e-12,ENSG00000060688,SNRNP40
262,100,100,2.6957625e-12,ENSG00000269978,AL359881.1
263,437,437,2.6956183e-12,ENSG00000164002,EXO5
264,434,434,2.6955157e-12,ENSG00000049089,COL9A2
265,143,143,2.695166e-12,ENSG00000011021,CLCN6
266,106,106,2.6950065e-12,ENSG00000142599,RERE
267,255,255,2.6950065e-12,ENSG00000117616,RSRP1
268,458,458,2.694904e-12,ENSG00000164011,ZNF691
269,109,109,2.6946108e-12,ENSG00000049239,H6PD
270,340,340,2.6944824e-12,ENSG00000160050,CCDC28B
271,234,234,2.6944003e-12,ENSG00000204219,TCEA3
272,287,287,2.6941535e-12,ENSG00000142784,WDTC1
273,461,461,2.6940815e-12,ENSG00000179178,TMEM125
274,453,453,2.6940405e-12,ENSG00000065978,YBX1
275,492,492,2.6937786e-12,ENSG00000186603,HPDL
276,103,103,2.6934034e-12,ENSG00000116288,PARK7
277,127,127,2.6933364e-12,ENSG00000175262,C1orf127
278,136,136,2.6932133e-12,ENSG00000204624,DISP3
279,185,185,2.6928744e-12,ENSG00000117115,PADI2
280,213,213,2.6928332e-12,ENSG00000075151,EIF4G3
281,294,294,2.6927614e-12,ENSG00000000938,FGR
282,282,282,2.6926176e-12,ENSG00000198746,GPATCH3
283,405,405,2.692561e-12,ENSG00000183317,EPHA10
284,56,56,2.6925506e-12,ENSG00000116151,MORN1
285,130,130,2.6923607e-12,ENSG00000116649,SRM
286,228,228,2.6923197e-12,ENSG00000004487,KDM1A
287,311,311,2.6912823e-12,ENSG00000242125,SNHG3
288,10,10,2.691221e-12,ENSG00000131591,C1orf159
289,217,217,2.6910514e-12,ENSG00000076864,RAP1GAP
290,81,81,2.6910258e-12,ENSG00000116254,CHD5
291,491,491,2.6910002e-12,ENSG00000162415,ZSWIM5
292,345,345,2.690518e-12,ENSG00000175130,MARCKSL1
293,322,322,2.690323e-12,ENSG00000162511,LAPTM5
294,416,416,2.6893943e-12,ENSG00000228436,AL139260.1
295,155,155,2.6893735e-12,ENSG00000189337,KAZN
296,302,302,2.6889786e-12,ENSG00000158156,XKR8
297,89,89,2.6862772e-12,ENSG00000215788,TNFRSF25
298,408,408,2.680274e-12,ENSG00000197982,C1orf122
299,283,283,2.6782144e-12,ENSG00000090273,NUDC
300,276,276,2.676519e-12,ENSG00000198830,HMGN2
301,334,334,2.6646966e-12,ENSG00000184007,PTP4A2
302,252,252,2.6275956e-12,ENSG00000133226,SRRM1
303,427,427,2.5867153e-12,ENSG00000043514,TRIT1
304,358,358,2.5360595e-12,ENSG00000121900,TMEM54
305,407,407,2.4658752e-12,ENSG00000196449,YRDC
306,498,498,2.2785183e-12,ENSG00000117450,PRDX1
307,321,321,2.2512428e-12,ENSG00000060656,PTPRU
308,19,19,2.2075946e-12,ENSG00000127054,INTS11
309,123,123,2.1920113e-12,ENSG00000175279,CENPS
310,118,118,2.0172661e-12,ENSG00000162444,RBP7
311,465,465,1.9910584e-12,ENSG00000198198,SZT2
312,61,61,1.9827967e-12,ENSG00000149527,PLCH2
313,432,432,1.978856e-12,ENSG00000259943,AL050341.2
314,170,170,1.7798473e-12,ENSG00000173641,HSPB7
315,55,55,1.7597625e-12,ENSG00000287356,AL590822.3
316,459,459,1.6665736e-12,ENSG00000117394,SLC2A1
317,299,299,1.5608096e-12,ENSG00000130775,THEMIS2
318,499,499,1.4623099e-12,ENSG00000117448,AKR1A1
319,117,117,1.4470304e-12,ENSG00000173614,NMNAT1
320,3,3,1.3727307e-12,ENSG00000225880,LINC00115
321,374,374,1.2749069e-12,ENSG00000146463,ZMYM4
322,18,18,1.2369107e-12,ENSG00000169972,PUSL1
323,194,194,1.1726414e-12,ENSG00000127463,EMC1
324,297,297,1.0094485e-12,ENSG00000117758,STX12
325,246,246,9.89958e-13,ENSG00000188529,SRSF10
326,440,440,9.881036e-13,ENSG00000066136,NFYC
327,315,315,8.921768e-13,ENSG00000162419,GMEB1
328,162,162,8.1564627e-13,ENSG00000116786,PLEKHM2
329,351,351,7.786797e-13,ENSG00000162521,RBBP4
330,446,446,7.3654337e-13,ENSG00000198815,FOXJ3
331,72,72,6.5089053e-13,ENSG00000078900,TP73
332,452,452,5.9943066e-13,ENSG00000234917,AC098484.2
333,193,193,5.9795186e-13,ENSG00000230424,EMC1-AS1
334,12,12,5.969104e-13,ENSG00000078808,SDF4
335,4,4,5.80162e-13,ENSG00000187634,SAMD11
336,93,93,5.70906e-13,ENSG00000162413,KLHL21
337,96,96,4.5991244e-13,ENSG00000007923,DNAJC11
338,335,335,4.4622262e-13,ENSG00000121774,KHDRBS1
339,447,447,4.0827124e-13,ENSG00000177181,RIMKLA
340,229,229,3.956527e-13,ENSG00000169641,LUZP1
341,496,496,3.880652e-13,ENSG00000280670,CCDC163
342,70,70,3.8100819e-13,ENSG00000158109,TPRG1L
343,268,268,3.448102e-13,ENSG00000175087,PDIK1L
344,191,191,3.372238e-13,ENSG00000272084,AL137127.1
345,46,46,3.276106e-13,ENSG00000231050,AL109917.1
346,293,293,2.9950088e-13,ENSG00000126705,AHDC1
347,122,122,2.8674453e-13,ENSG00000142657,PGD
348,203,203,2.780745e-13,ENSG00000127472,PLA2G5
349,270,270,2.7320206e-13,ENSG00000142684,ZNF593
350,212,212,2.674813e-13,ENSG00000127483,HP1BP3
351,239,239,2.571764e-13,ENSG00000011007,ELOA
352,204,204,2.5676564e-13,ENSG00000225986,UBXN10-AS1
353,428,428,2.3252434e-13,ENSG00000168389,MFSD2A
354,285,285,2.0649651e-13,ENSG00000253368,TRNP1
355,32,32,1.9844113e-13,ENSG00000197785,ATAD3A
356,189,189,1.8456254e-13,ENSG00000159423,ALDH4A1
357,412,412,1.6130256e-13,ENSG00000183386,FHL3
358,50,50,1.5408693e-13,ENSG00000187730,GABRD
359,114,114,1.5067347e-13,ENSG00000171603,CLSTN1
360,153,153,1.4344221e-13,ENSG00000162493,PDPN
361,63,63,1.3249218e-13,ENSG00000197921,HES5
362,431,431,1.2839477e-13,ENSG00000117000,RLF
363,271,271,1.1266922e-13,ENSG00000142675,CNKSR1
364,181,181,1.00074266e-13,ENSG00000058453,CROCC
365,195,195,9.909965e-14,ENSG00000053372,MRTO4
366,288,288,9.747751e-14,ENSG00000186501,TMEM222
367,260,260,8.424109e-14,ENSG00000225643,AL606491.1
368,79,79,7.340985e-14,ENSG00000131697,NPHP4
369,292,292,6.704894e-14,ENSG00000158195,WASF2
370,367,367,6.309234e-14,ENSG00000188910,GJB3
371,98,98,5.6689953e-14,ENSG00000171735,CAMTA1
372,180,180,5.6571575e-14,ENSG00000219481,NBPF1
373,249,249,5.2405945e-14,ENSG00000001460,STPG1
374,422,422,4.7845564e-14,ENSG00000090621,PABPC4
375,84,84,4.5468156e-14,ENSG00000158286,RNF207
376,238,238,4.0530174e-14,ENSG00000236810,ELOA-AS1
377,200,200,3.9213123e-14,ENSG00000173436,MICOS10
378,22,22,3.5109946e-14,ENSG00000162576,MXRA8
379,471,471,3.4943924e-14,ENSG00000237950,AL357079.1
380,395,395,3.253692e-14,ENSG00000116898,MRPS15
381,20,20,3.236726e-14,ENSG00000224051,CPTP
382,6,6,3.1698267e-14,ENSG00000187961,KLHL17
383,37,37,3.0189345e-14,ENSG00000272106,AL691432.2
384,33,33,2.8970082e-14,ENSG00000205090,TMEM240
385,30,30,2.858619e-14,ENSG00000215915,ATAD3C
386,259,259,2.7602986e-14,ENSG00000157978,LDLRAP1
387,418,418,2.1848757e-14,ENSG00000174574,AKIRIN1
388,223,223,2.1322489e-14,ENSG00000070886,EPHA8
389,253,253,2.0293082e-14,ENSG00000169504,CLIC4
390,314,314,1.8862343e-14,ENSG00000120656,TAF12
391,262,262,1.7287184e-14,ENSG00000162430,SELENON
392,129,129,1.6836814e-14,ENSG00000271895,AL109811.2
393,386,386,1.5889413e-14,ENSG00000054116,TRAPPC3
394,278,278,1.580264e-14,ENSG00000117713,ARID1A
395,489,489,1.4675557e-14,ENSG00000126107,HECTD3
396,394,394,1.456396e-14,ENSG00000116885,OSCP1
397,182,182,1.2632337e-14,ENSG00000238142,BX284668.5
398,25,25,1.1957e-14,ENSG00000224870,MRPL20-AS1
399,296,296,9.33152e-15,ENSG00000009780,FAM76A
400,466,466,8.509971e-15,ENSG00000178922,HYI
401,73,73,8.2701375e-15,ENSG00000235169,SMIM1
402,413,413,7.370078e-15,ENSG00000183520,UTP11
403,225,225,7.198884e-15,ENSG00000159189,C1QC
404,45,45,7.141772e-15,ENSG00000078369,GNB1
405,131,131,6.45678e-15,ENSG00000171824,EXOSC10
406,245,245,5.916966e-15,ENSG00000189266,PNRC2
407,241,241,4.7567558e-15,ENSG00000011009,LYPLA2
408,339,339,4.722782e-15,ENSG00000084652,TXLNA
409,121,121,4.0877573e-15,ENSG00000284642,AL139424.2
410,86,86,3.6490798e-15,ENSG00000158292,GPR153
411,178,178,3.2962912e-15,ENSG00000157191,NECAP2
412,177,177,3.0071751e-15,ENSG00000055070,SZRD1
413,94,94,2.8607883e-15,ENSG00000116273,PHF13
414,411,411,2.8102118e-15,ENSG00000183431,SF3A3
415,165,165,2.7944225e-15,ENSG00000233954,UQCRHL
416,78,78,2.761782e-15,ENSG00000196581,AJAP1
417,67,67,2.715689e-15,ENSG00000177133,PRDM16-DT
418,277,277,2.470881e-15,ENSG00000117676,RPS6KA1
419,201,201,2.4500538e-15,ENSG00000158747,NBL1
420,424,424,2.3383215e-15,ENSG00000116983,HPCAL4
421,472,472,2.2367129e-15,ENSG00000117408,IPO13
422,77,77,1.6441353e-15,ENSG00000198912,C1orf174
423,281,281,1.6364953e-15,ENSG00000142751,GPN2
424,128,128,1.5661901e-15,ENSG00000120948,TARDBP
425,468,468,1.1942248e-15,ENSG00000066135,KDM4A
426,243,243,1.1922584e-15,ENSG00000117305,HMGCL
427,267,267,1.1900728e-15,ENSG00000158008,EXTL1
428,74,74,1.0266664e-15,ENSG00000130764,LRRC47
429,171,171,9.832911e-16,ENSG00000186510,CLCNKA
430,368,368,8.98746e-16,ENSG00000187513,GJA4
431,295,295,7.894096700000001e-16,ENSG00000126709,IFI6
432,387,387,7.322853400000001e-16,ENSG00000116871,MAP7D1
433,442,442,5.892883400000001e-16,ENSG00000179862,CITED4
434,135,135,5.812044e-16,ENSG00000120942,UBIAD1
435,222,222,5.435305600000001e-16,ENSG00000184677,ZBTB40
436,40,40,4.808971e-16,ENSG00000248333,CDK11B
437,264,264,4.720870400000001e-16,ENSG00000182749,PAQR7
438,26,26,4.483889600000001e-16,ENSG00000242485,MRPL20
439,378,378,4.362745e-16,ENSG00000116819,TFAP2E
440,132,132,4.2868732000000006e-16,ENSG00000230337,EXOSC10-AS1
441,16,16,3.1720428000000003e-16,ENSG00000162572,SCNN1D
442,5,5,3.0462097000000003e-16,ENSG00000188976,NOC2L
443,256,256,2.393909e-16,ENSG00000272432,AL031432.3
444,454,454,2.38173e-16,ENSG00000117385,P3H1
445,362,362,2.1029844000000002e-16,ENSG00000116525,TRIM62
446,247,247,1.8157235e-16,ENSG00000185436,IFNLR1
447,82,82,1.406834e-16,ENSG00000116251,RPL22
448,51,51,1.3599037e-16,ENSG00000067606,PRKCZ
449,336,336,1.08051864e-16,ENSG00000121775,TMEM39B
450,306,306,9.730368000000001e-17,ENSG00000270605,AL353622.1
451,68,68,9.650705e-17,ENSG00000130762,ARHGEF16
452,71,71,7.5286604e-17,ENSG00000116213,WRAP73
453,152,152,7.235741e-17,ENSG00000259961,AL354712.1
454,57,57,6.8306993e-17,ENSG00000272161,AL589739.1
455,224,224,6.8275475e-17,ENSG00000173372,C1QA
456,17,17,6.6822224e-17,ENSG00000131584,ACAP3
457,140,140,5.651346000000001e-17,ENSG00000116670,MAD2L2
458,441,441,4.5924267e-17,ENSG00000117013,KCNQ4
459,157,157,3.999128e-17,ENSG00000171729,TMEM51
460,324,324,3.9534110000000004e-17,ENSG00000134644,PUM1
461,60,60,3.6616675e-17,ENSG00000157911,PEX10
462,215,215,3.5335147e-17,ENSG00000142794,NBPF3
463,444,444,3.1847966e-17,ENSG00000010803,SCMH1
464,347,347,2.6746649e-17,ENSG00000160058,BSDC1
465,348,348,2.5844747e-17,ENSG00000273274,ZBTB8B
466,48,48,2.3510288e-17,ENSG00000142609,CFAP74
467,384,384,2.2830891e-17,ENSG00000116863,ADPRHL2
468,11,11,1.8381773e-17,ENSG00000186891,TNFRSF18
469,414,414,1.4706022e-17,ENSG00000185668,POU3F1
470,494,494,1.3848110000000001e-17,ENSG00000132773,TOE1
471,376,376,8.616744e-18,ENSG00000020129,NCDN
472,206,206,8.403566e-18,ENSG00000162545,CAMK2N1
473,120,120,7.921026000000001e-18,ENSG00000054523,KIF1B
474,97,97,4.9534866999999996e-18,ENSG00000237436,CAMTA1-DT
475,161,161,4.3615757e-18,ENSG00000197312,DDI2
476,361,361,3.292893e-18,ENSG00000142920,AZIN2
477,38,38,2.5746824e-18,ENSG00000197530,MIB2
478,163,163,2.1840046e-18,ENSG00000162461,SLC25A34
479,69,69,1.9574002999999998e-18,ENSG00000162591,MEGF6
480,186,186,1.746762e-18,ENSG00000179051,RCC2
481,240,240,1.3942508999999998e-18,ENSG00000057757,PITHD1
482,248,248,8.521225999999999e-19,ENSG00000230023,LINC02800
483,24,24,5.4336393e-19,ENSG00000221978,CCNL2
484,258,258,4.738327999999999e-19,ENSG00000204178,MACO1
485,303,303,2.999756e-19,ENSG00000158161,EYA3
486,390,390,2.2543027e-19,ENSG00000142694,EVA1B
487,244,244,2.151924e-19,ENSG00000179163,FUCA1
488,14,14,2.1205749999999998e-19,ENSG00000184163,C1QTNF12
489,307,307,1.4561425e-19,ENSG00000130766,SESN2
490,265,265,1.2057118e-19,ENSG00000117632,STMN1
491,373,373,1.0140454e-19,ENSG00000116560,SFPQ
492,450,450,7.1164616e-20,ENSG00000186409,CCDC30
493,425,425,4.4937437e-20,ENSG00000084072,PPIE
494,235,235,1.8545712e-20,ENSG00000088280,ASAP3
495,251,251,1.7376552e-20,ENSG00000117602,RCAN3
496,192,192,5.2201543000000004e-21,ENSG00000127481,UBR4
497,433,433,3.2163982e-22,ENSG00000084073,ZMPSTE24
498,353,353,1.4457561e-23,ENSG00000162522,KIAA1522
499,205,205,4.753863e-26,ENSG00000162543,UBXN10
500,158,158,2.9921454e-26,ENSG00000142634,EFHD2
